ENSG,biotype
ENSG00000089248,protein_coding
ENSG00000119285,protein_coding
ENSG00000130856,protein_coding
ENSG00000107798,protein_coding
ENSG00000113070,protein_coding
ENSG00000073849,protein_coding
ENSG00000102967,protein_coding
ENSG00000066056,protein_coding
ENSG00000134262,protein_coding
ENSG00000127603,protein_coding
ENSG00000064995,protein_coding
ENSG00000014641,protein_coding
ENSG00000070526,protein_coding
ENSG00000111300,protein_coding
ENSG00000108771,protein_coding
ENSG00000108788,protein_coding
ENSG00000103549,protein_coding
ENSG00000103540,protein_coding
ENSG00000115216,protein_coding
ENSG00000100296,protein_coding
ENSG00000073711,protein_coding
ENSG00000129351,protein_coding
ENSG00000029534,protein_coding
ENSG00000135074,protein_coding
ENSG00000135070,protein_coding
ENSG00000118997,protein_coding
ENSG00000106392,protein_coding
ENSG00000113163,protein_coding
ENSG00000117682,protein_coding
ENSG00000106771,protein_coding
ENSG00000074695,protein_coding
ENSG00000125686,protein_coding
ENSG00000119401,protein_coding
ENSG00000122557,protein_coding
ENSG00000094975,protein_coding
ENSG00000115525,protein_coding
ENSG00000116584,protein_coding
ENSG00000127415,protein_coding
ENSG00000005379,protein_coding
ENSG00000067606,protein_coding
ENSG00000111424,protein_coding
ENSG00000112996,protein_coding
ENSG00000065559,protein_coding
ENSG00000073803,protein_coding
ENSG00000105767,protein_coding
ENSG00000047849,protein_coding
ENSG00000119950,protein_coding
ENSG00000051382,protein_coding
ENSG00000133789,protein_coding
ENSG00000127616,protein_coding
ENSG00000123636,protein_coding
ENSG00000050820,protein_coding
ENSG00000085511,protein_coding
ENSG00000110063,protein_coding
ENSG00000132128,protein_coding
ENSG00000059377,protein_coding
ENSG00000103671,protein_coding
ENSG00000121989,protein_coding
ENSG00000116983,protein_coding
ENSG00000085721,protein_coding
ENSG00000075292,protein_coding
ENSG00000073614,protein_coding
ENSG00000114648,protein_coding
ENSG00000114270,protein_coding
ENSG00000114902,protein_coding
ENSG00000132680,protein_coding
ENSG00000055147,protein_coding
ENSG00000025434,protein_coding
ENSG00000131127,protein_coding
ENSG00000115241,protein_coding
ENSG00000119684,protein_coding
ENSG00000132793,protein_coding
ENSG00000076685,protein_coding
ENSG00000073060,protein_coding
ENSG00000114021,protein_coding
ENSG00000130733,protein_coding
ENSG00000119969,protein_coding
ENSG00000132698,protein_coding
ENSG00000132823,protein_coding
ENSG00000033627,protein_coding
ENSG00000066777,protein_coding
ENSG00000090612,protein_coding
ENSG00000100815,protein_coding
ENSG00000007866,protein_coding
ENSG00000115211,protein_coding
ENSG00000107960,protein_coding
ENSG00000081320,protein_coding
ENSG00000092929,protein_coding
ENSG00000108774,protein_coding
ENSG00000089022,protein_coding
ENSG00000105323,protein_coding
ENSG00000105726,protein_coding
ENSG00000031698,protein_coding
ENSG00000112701,protein_coding
ENSG00000124766,protein_coding
ENSG00000115486,protein_coding
ENSG00000110693,protein_coding
ENSG00000111252,protein_coding
ENSG00000005471,protein_coding
ENSG00000108219,protein_coding
ENSG00000134900,protein_coding
ENSG00000128607,protein_coding
ENSG00000131771,protein_coding
ENSG00000111271,protein_coding
ENSG00000056586,protein_coding
ENSG00000119866,protein_coding
ENSG00000087274,protein_coding
ENSG00000121211,protein_coding
ENSG00000133059,protein_coding
ENSG00000054356,protein_coding
ENSG00000108262,protein_coding
ENSG00000119640,protein_coding
ENSG00000111879,protein_coding
ENSG00000109618,protein_coding
ENSG00000117602,protein_coding
ENSG00000132589,protein_coding
ENSG00000108375,protein_coding
ENSG00000117400,protein_coding
ENSG00000118520,protein_coding
ENSG00000099889,protein_coding
ENSG00000103512,protein_coding
ENSG00000101057,protein_coding
ENSG00000132773,protein_coding
ENSG00000105287,protein_coding
ENSG00000109919,protein_coding
ENSG00000124374,protein_coding
ENSG00000008513,protein_coding
ENSG00000127125,protein_coding
ENSG00000125967,protein_coding
ENSG00000113161,protein_coding
ENSG00000095637,protein_coding
ENSG00000100401,protein_coding
ENSG00000103942,protein_coding
ENSG00000125971,protein_coding
ENSG00000118640,protein_coding
ENSG00000130475,protein_coding
ENSG00000134222,protein_coding
ENSG00000087448,protein_coding
ENSG00000134825,protein_coding
ENSG00000134291,protein_coding
ENSG00000118513,protein_coding
ENSG00000090975,protein_coding
ENSG00000129055,protein_coding
ENSG00000004399,protein_coding
ENSG00000128563,protein_coding
ENSG00000130529,protein_coding
ENSG00000061794,protein_coding
ENSG00000055483,protein_coding
ENSG00000125510,protein_coding
ENSG00000117399,protein_coding
ENSG00000107864,protein_coding
ENSG00000074755,protein_coding
ENSG00000112282,protein_coding
ENSG00000117632,protein_coding
ENSG00000103811,protein_coding
ENSG00000025039,protein_coding
ENSG00000079805,protein_coding
ENSG00000116030,protein_coding
ENSG00000131470,protein_coding
ENSG00000072110,protein_coding
ENSG00000108773,protein_coding
ENSG00000102978,protein_coding
ENSG00000072310,protein_coding
ENSG00000111642,protein_coding
ENSG00000062524,protein_coding
ENSG00000105341,protein_coding
ENSG00000085733,protein_coding
ENSG00000078246,protein_coding
ENSG00000116273,protein_coding
ENSG00000047932,protein_coding
ENSG00000135114,protein_coding
ENSG00000115718,protein_coding
ENSG00000132361,protein_coding
ENSG00000124226,protein_coding
ENSG00000110931,protein_coding
ENSG00000081026,protein_coding
ENSG00000079393,protein_coding
ENSG00000113441,protein_coding
ENSG00000108604,protein_coding
ENSG00000105856,protein_coding
ENSG00000115705,protein_coding
ENSG00000107175,protein_coding
ENSG00000108551,protein_coding
ENSG00000115825,protein_coding
ENSG00000118292,protein_coding
ENSG00000126214,protein_coding
ENSG00000096996,protein_coding
ENSG00000103932,protein_coding
ENSG00000105329,protein_coding
ENSG00000129933,protein_coding
ENSG00000014914,protein_coding
ENSG00000134802,protein_coding
ENSG00000083099,protein_coding
ENSG00000109670,protein_coding
ENSG00000010803,protein_coding
ENSG00000070495,protein_coding
ENSG00000107954,protein_coding
ENSG00000086619,protein_coding
ENSG00000119718,protein_coding
ENSG00000109917,protein_coding
ENSG00000064989,protein_coding
ENSG00000124562,protein_coding
ENSG00000104147,protein_coding
ENSG00000133069,protein_coding
ENSG00000057294,protein_coding
ENSG00000112242,protein_coding
ENSG00000070081,protein_coding
ENSG00000133805,protein_coding
ENSG00000134242,protein_coding
ENSG00000107779,protein_coding
ENSG00000118620,protein_coding
ENSG00000069399,protein_coding
ENSG00000133027,protein_coding
ENSG00000133246,protein_coding
ENSG00000134243,protein_coding
ENSG00000124196,protein_coding
ENSG00000109920,protein_coding
ENSG00000100416,protein_coding
ENSG00000107679,protein_coding
ENSG00000135100,protein_coding
ENSG00000134852,protein_coding
ENSG00000130943,protein_coding
ENSG00000076201,protein_coding
ENSG00000125743,protein_coding
ENSG00000079459,protein_coding
ENSG00000004534,protein_coding
ENSG00000134574,protein_coding
ENSG00000123700,protein_coding
ENSG00000091140,protein_coding
ENSG00000119431,protein_coding
ENSG00000104497,protein_coding
ENSG00000011478,protein_coding
ENSG00000084112,protein_coding
ENSG00000112658,protein_coding
ENSG00000075234,protein_coding
ENSG00000133794,protein_coding
ENSG00000064999,protein_coding
ENSG00000133624,transcribed_unprocessed_pseudogene
ENSG00000125388,protein_coding
ENSG00000125977,protein_coding
ENSG00000077348,protein_coding
ENSG00000119760,protein_coding
ENSG00000101557,protein_coding
ENSG00000132475,protein_coding
ENSG00000064651,protein_coding
ENSG00000086544,protein_coding
ENSG00000030582,protein_coding
ENSG00000102755,protein_coding
ENSG00000103653,protein_coding
ENSG00000005801,protein_coding
ENSG00000138028,protein_coding
ENSG00000137825,protein_coding
ENSG00000147324,protein_coding
ENSG00000178904,protein_coding
ENSG00000163257,protein_coding
ENSG00000156873,protein_coding
ENSG00000179295,protein_coding
ENSG00000140829,protein_coding
ENSG00000165006,protein_coding
ENSG00000176268,processed_pseudogene
ENSG00000158006,protein_coding
ENSG00000136158,protein_coding
ENSG00000150961,protein_coding
ENSG00000160208,protein_coding
ENSG00000173868,protein_coding
ENSG00000158234,protein_coding
ENSG00000157045,protein_coding
ENSG00000140474,protein_coding
ENSG00000150764,protein_coding
ENSG00000166971,protein_coding
ENSG00000170581,protein_coding
ENSG00000139218,protein_coding
ENSG00000150337,protein_coding
ENSG00000147905,protein_coding
ENSG00000143126,protein_coding
ENSG00000167526,protein_coding
ENSG00000146963,protein_coding
ENSG00000166822,protein_coding
ENSG00000163113,NOT_FOUND
ENSG00000176973,protein_coding
ENSG00000158092,protein_coding
ENSG00000160207,protein_coding
ENSG00000178715,processed_pseudogene
ENSG00000151929,protein_coding
ENSG00000156206,protein_coding
ENSG00000174944,protein_coding
ENSG00000163069,protein_coding
ENSG00000177971,protein_coding
ENSG00000163875,protein_coding
ENSG00000166170,protein_coding
ENSG00000172500,protein_coding
ENSG00000168913,protein_coding
ENSG00000164050,protein_coding
ENSG00000166831,protein_coding
ENSG00000149084,protein_coding
ENSG00000170469,protein_coding
ENSG00000138439,protein_coding
ENSG00000169379,protein_coding
ENSG00000163071,protein_coding
ENSG00000168883,protein_coding
ENSG00000141034,protein_coding
ENSG00000163947,protein_coding
ENSG00000141298,protein_coding
ENSG00000175489,protein_coding
ENSG00000167549,protein_coding
ENSG00000158604,protein_coding
ENSG00000142046,protein_coding
ENSG00000164626,protein_coding
ENSG00000173930,protein_coding
ENSG00000150627,protein_coding
ENSG00000154743,protein_coding
ENSG00000166133,protein_coding
ENSG00000164308,protein_coding
ENSG00000173039,protein_coding
ENSG00000163933,protein_coding
ENSG00000145431,protein_coding
ENSG00000140391,protein_coding
ENSG00000145907,protein_coding
ENSG00000138131,protein_coding
ENSG00000162512,protein_coding
ENSG00000173327,protein_coding
ENSG00000166126,protein_coding
ENSG00000165688,protein_coding
ENSG00000146833,protein_coding
ENSG00000163785,protein_coding
ENSG00000176563,protein_coding
ENSG00000169599,protein_coding
ENSG00000177606,protein_coding
ENSG00000177051,protein_coding
ENSG00000146215,protein_coding
ENSG00000137310,protein_coding
ENSG00000170791,protein_coding
ENSG00000168255,protein_coding
ENSG00000166689,protein_coding
ENSG00000143379,protein_coding
ENSG00000143882,protein_coding
ENSG00000151465,protein_coding
ENSG00000161547,protein_coding
ENSG00000174564,protein_coding
ENSG00000161533,protein_coding
ENSG00000146830,protein_coding
ENSG00000148572,protein_coding
ENSG00000168890,protein_coding
ENSG00000173727,transcribed_unprocessed_pseudogene
ENSG00000149243,protein_coding
ENSG00000174744,protein_coding
ENSG00000143498,protein_coding
ENSG00000139746,protein_coding
ENSG00000165609,protein_coding
ENSG00000168952,protein_coding
ENSG00000173338,protein_coding
ENSG00000167106,protein_coding
ENSG00000162426,protein_coding
ENSG00000177045,protein_coding
ENSG00000181264,protein_coding
ENSG00000168917,protein_coding
ENSG00000163029,protein_coding
ENSG00000143093,protein_coding
ENSG00000169504,protein_coding
ENSG00000158161,protein_coding
ENSG00000163877,protein_coding
ENSG00000163577,protein_coding
ENSG00000181019,protein_coding
ENSG00000145214,protein_coding
ENSG00000169193,protein_coding
ENSG00000147408,protein_coding
ENSG00000168291,protein_coding
ENSG00000163660,protein_coding
ENSG00000164631,protein_coding
ENSG00000164045,protein_coding
ENSG00000153922,protein_coding
ENSG00000174306,protein_coding
ENSG00000141101,protein_coding
ENSG00000160563,protein_coding
ENSG00000171132,protein_coding
ENSG00000161395,protein_coding
ENSG00000159199,protein_coding
ENSG00000155640,NOT_FOUND
ENSG00000137815,protein_coding
ENSG00000178700,protein_coding
ENSG00000168056,protein_coding
ENSG00000139323,protein_coding
ENSG00000142186,protein_coding
ENSG00000177169,protein_coding
ENSG00000169403,protein_coding
ENSG00000177311,protein_coding
ENSG00000173402,protein_coding
ENSG00000141294,protein_coding
ENSG00000143951,protein_coding
ENSG00000153250,protein_coding
ENSG00000166471,protein_coding
ENSG00000179195,protein_coding
ENSG00000175602,protein_coding
ENSG00000144749,protein_coding
ENSG00000142039,protein_coding
ENSG00000168477,protein_coding
ENSG00000147874,protein_coding
ENSG00000167103,protein_coding
ENSG00000174953,protein_coding
ENSG00000168970,protein_coding
ENSG00000167083,protein_coding
ENSG00000139146,protein_coding
ENSG00000163684,protein_coding
ENSG00000175305,protein_coding
ENSG00000143393,protein_coding
ENSG00000166166,protein_coding
ENSG00000154305,protein_coding
ENSG00000177710,protein_coding
ENSG00000143476,protein_coding
ENSG00000141026,protein_coding
ENSG00000166986,protein_coding
ENSG00000141736,protein_coding
ENSG00000141295,protein_coding
ENSG00000163812,protein_coding
ENSG00000168496,protein_coding
ENSG00000136715,protein_coding
ENSG00000176422,protein_coding
ENSG00000168852,transcribed_unprocessed_pseudogene
ENSG00000143420,protein_coding
ENSG00000142444,protein_coding
ENSG00000166507,protein_coding
ENSG00000181220,protein_coding
ENSG00000138160,protein_coding
ENSG00000153774,protein_coding
ENSG00000177917,protein_coding
ENSG00000135763,protein_coding
ENSG00000166747,protein_coding
ENSG00000164062,protein_coding
ENSG00000176092,protein_coding
ENSG00000172548,protein_coding
ENSG00000159210,protein_coding
ENSG00000164038,protein_coding
ENSG00000176761,unprocessed_pseudogene
ENSG00000157895,protein_coding
ENSG00000152409,protein_coding
ENSG00000176927,protein_coding
ENSG00000164039,protein_coding
ENSG00000149485,protein_coding
ENSG00000138297,NOT_FOUND
ENSG00000171044,protein_coding
ENSG00000169291,protein_coding
ENSG00000167183,protein_coding
ENSG00000174197,protein_coding
ENSG00000143452,protein_coding
ENSG00000142453,protein_coding
ENSG00000170464,protein_coding
ENSG00000169957,protein_coding
ENSG00000165917,protein_coding
ENSG00000177374,protein_coding
ENSG00000165685,protein_coding
ENSG00000138778,protein_coding
ENSG00000170917,protein_coding
ENSG00000172977,protein_coding
ENSG00000180846,lncRNA
ENSG00000170145,protein_coding
ENSG00000135473,protein_coding
ENSG00000173258,protein_coding
ENSG00000139567,protein_coding
ENSG00000165476,protein_coding
ENSG00000142669,protein_coding
ENSG00000176894,protein_coding
ENSG00000157322,protein_coding
ENSG00000171492,protein_coding
ENSG00000143384,protein_coding
ENSG00000135124,protein_coding
ENSG00000143156,protein_coding
ENSG00000172336,protein_coding
ENSG00000165617,protein_coding
ENSG00000172260,protein_coding
ENSG00000143158,protein_coding
ENSG00000156170,protein_coding
ENSG00000169180,protein_coding
ENSG00000143512,protein_coding
ENSG00000179818,lncRNA
ENSG00000151498,protein_coding
ENSG00000137076,protein_coding
ENSG00000145725,protein_coding
ENSG00000164941,protein_coding
ENSG00000145375,protein_coding
ENSG00000138735,protein_coding
ENSG00000161277,protein_coding
ENSG00000150967,protein_coding
ENSG00000164535,protein_coding
ENSG00000157992,protein_coding
ENSG00000164096,protein_coding
ENSG00000180530,protein_coding
ENSG00000175087,protein_coding
ENSG00000169169,protein_coding
ENSG00000141140,NOT_FOUND
ENSG00000179981,protein_coding
ENSG00000160712,protein_coding
ENSG00000146731,protein_coding
ENSG00000167491,protein_coding
ENSG00000174529,protein_coding
ENSG00000141744,protein_coding
ENSG00000141452,protein_coding
ENSG00000172113,protein_coding
ENSG00000146143,protein_coding
ENSG00000141376,protein_coding
ENSG00000179104,protein_coding
ENSG00000241244,IG_V_gene
ENSG00000196072,protein_coding
ENSG00000202533,misc_RNA
ENSG00000196118,protein_coding
ENSG00000181274,protein_coding
ENSG00000187166,protein_coding
ENSG00000257595,lncRNA
ENSG00000246889,lncRNA
ENSG00000264386,miRNA
ENSG00000196968,protein_coding
ENSG00000260233,lncRNA
ENSG00000237950,lncRNA
ENSG00000230149,lncRNA
ENSG00000197702,protein_coding
ENSG00000183784,lncRNA
ENSG00000256269,protein_coding
ENSG00000243678,protein_coding
ENSG00000239521,transcribed_unprocessed_pseudogene
ENSG00000221510,miRNA
ENSG00000234009,processed_pseudogene
ENSG00000185019,protein_coding
ENSG00000196155,protein_coding
ENSG00000234171,lncRNA
ENSG00000198208,protein_coding
ENSG00000204421,protein_coding
ENSG00000252118,snRNA
ENSG00000182628,protein_coding
ENSG00000263503,processed_pseudogene
ENSG00000198492,protein_coding
ENSG00000231125,lncRNA
ENSG00000235231,NOT_FOUND
ENSG00000241528,NOT_FOUND
ENSG00000223522,lncRNA
ENSG00000248971,processed_pseudogene
ENSG00000251288,processed_pseudogene
ENSG00000187098,protein_coding
ENSG00000196950,protein_coding
ENSG00000228784,lncRNA
ENSG00000198182,protein_coding
ENSG00000186577,protein_coding
ENSG00000182379,protein_coding
ENSG00000196712,protein_coding
ENSG00000267342,lncRNA
ENSG00000198700,protein_coding
ENSG00000226920,lncRNA
ENSG00000228782,transcribed_unprocessed_pseudogene
ENSG00000224738,lncRNA
ENSG00000231050,lncRNA
ENSG00000258682,lncRNA
ENSG00000237429,lncRNA
ENSG00000213071,transcribed_unprocessed_pseudogene
ENSG00000248213,processed_pseudogene
ENSG00000187942,protein_coding
ENSG00000242142,processed_pseudogene
ENSG00000264508,NOT_FOUND
ENSG00000229666,lncRNA
ENSG00000214413,protein_coding
ENSG00000198056,protein_coding
ENSG00000236493,processed_pseudogene
ENSG00000254858,protein_coding
ENSG00000226261,processed_pseudogene
ENSG00000245556,lncRNA
ENSG00000243176,NOT_FOUND
ENSG00000250848,transcribed_processed_pseudogene
ENSG00000234936,NOT_FOUND
ENSG00000228265,NOT_FOUND
ENSG00000203602,NOT_FOUND
ENSG00000250786,lncRNA
ENSG00000214955,NOT_FOUND
ENSG00000245937,lncRNA
ENSG00000185236,protein_coding
ENSG00000205639,protein_coding
ENSG00000252061,snRNA
ENSG00000249572,lncRNA
ENSG00000224997,NOT_FOUND
ENSG00000230069,processed_pseudogene
ENSG00000197723,NOT_FOUND
ENSG00000203288,lncRNA
ENSG00000204482,protein_coding
ENSG00000242288,lncRNA
ENSG00000182196,protein_coding
ENSG00000200127,NOT_FOUND
ENSG00000241973,protein_coding
ENSG00000196821,protein_coding
ENSG00000212541,snRNA
ENSG00000225603,processed_pseudogene
ENSG00000245148,lncRNA
ENSG00000230373,transcribed_unprocessed_pseudogene
ENSG00000260774,lncRNA
ENSG00000256234,lncRNA
ENSG00000248280,NOT_FOUND
ENSG00000205869,protein_coding
ENSG00000215417,lncRNA
ENSG00000213445,protein_coding
ENSG00000233609,transcribed_processed_pseudogene
ENSG00000227456,lncRNA
ENSG00000204277,lncRNA
ENSG00000264584,NOT_FOUND
ENSG00000250654,transcribed_unprocessed_pseudogene
ENSG00000188761,protein_coding
ENSG00000188211,protein_coding
ENSG00000184897,protein_coding
ENSG00000186409,protein_coding
ENSG00000227992,processed_pseudogene
ENSG00000256875,lncRNA
ENSG00000198270,protein_coding
ENSG00000196914,protein_coding
ENSG00000185090,protein_coding
ENSG00000230224,processed_pseudogene
ENSG00000196449,protein_coding
ENSG00000214548,lncRNA
ENSG00000186130,protein_coding
ENSG00000260091,lncRNA
ENSG00000238198,lncRNA
ENSG00000234694,lncRNA
ENSG00000229472,NOT_FOUND
ENSG00000185245,protein_coding
ENSG00000197520,protein_coding
ENSG00000258904,lncRNA
ENSG00000242247,protein_coding
ENSG00000243943,protein_coding
ENSG00000232677,lncRNA
ENSG00000249307,lncRNA
ENSG00000197136,protein_coding
ENSG00000220614,processed_pseudogene
ENSG00000212293,snoRNA
ENSG00000196781,protein_coding
ENSG00000257303,lncRNA
ENSG00000188277,protein_coding
ENSG00000236790,lncRNA
ENSG00000259953,lncRNA
ENSG00000259834,NOT_FOUND
ENSG00000187860,protein_coding
ENSG00000221535,NOT_FOUND
ENSG00000213339,protein_coding
ENSG00000256087,protein_coding
ENSG00000228302,lncRNA
ENSG00000196378,protein_coding
ENSG00000253649,protein_coding
ENSG00000253519,lncRNA
ENSG00000255310,lncRNA
ENSG00000184056,protein_coding
ENSG00000213390,protein_coding
ENSG00000261367,lncRNA
ENSG00000258302,NOT_FOUND
ENSG00000251405,lncRNA
ENSG00000205238,protein_coding
ENSG00000183049,protein_coding
ENSG00000228590,lncRNA
ENSG00000198380,protein_coding
ENSG00000257727,protein_coding
ENSG00000253981,transcribed_unprocessed_pseudogene
ENSG00000267365,lncRNA
ENSG00000244515,transcribed_processed_pseudogene
ENSG00000206530,protein_coding
ENSG00000261799,lncRNA
ENSG00000242372,protein_coding
ENSG00000225921,protein_coding
ENSG00000213277,processed_pseudogene
ENSG00000261783,lncRNA
ENSG00000267082,lncRNA
ENSG00000266469,lncRNA
ENSG00000188599,transcribed_unprocessed_pseudogene
ENSG00000200737,misc_RNA
ENSG00000252448,snoRNA
ENSG00000266490,NOT_FOUND
ENSG00000202522,misc_RNA
ENSG00000198353,protein_coding
ENSG00000231445,transcribed_processed_pseudogene
ENSG00000245532,lncRNA
ENSG00000260252,lncRNA
ENSG00000181444,protein_coding
ENSG00000214425,transcribed_unprocessed_pseudogene
ENSG00000225450,lncRNA
ENSG00000183066,protein_coding
ENSG00000203606,NOT_FOUND
ENSG00000258659,protein_coding
ENSG00000266980,lncRNA
ENSG00000224420,protein_coding
ENSG00000262557,NOT_FOUND
ENSG00000251075,lncRNA
ENSG00000255561,protein_coding
ENSG00000257594,protein_coding
ENSG00000253878,NOT_FOUND
ENSG00000235750,protein_coding
ENSG00000213281,protein_coding
ENSG00000228672,protein_coding
ENSG00000229759,processed_pseudogene
ENSG00000211513,miRNA
ENSG00000258384,lncRNA
ENSG00000218537,lncRNA
ENSG00000256223,protein_coding
ENSG00000188878,protein_coding
ENSG00000267053,lncRNA
ENSG00000228638,transcribed_processed_pseudogene
ENSG00000198518,NOT_FOUND
ENSG00000196387,protein_coding
ENSG00000243789,protein_coding
ENSG00000185482,protein_coding
ENSG00000187486,protein_coding
ENSG00000226469,unitary_pseudogene
ENSG00000214432,lncRNA
ENSG00000266173,protein_coding
ENSG00000237854,transcribed_unprocessed_pseudogene
ENSG00000227268,protein_coding
ENSG00000263883,transcribed_processed_pseudogene
ENSG00000234292,lncRNA
ENSG00000251582,NOT_FOUND
ENSG00000259374,transcribed_processed_pseudogene
ENSG00000182923,protein_coding
ENSG00000185627,protein_coding
ENSG00000235513,lncRNA
ENSG00000246560,lncRNA
ENSG00000264290,lncRNA
ENSG00000234745,protein_coding
ENSG00000182179,protein_coding
ENSG00000248677,lncRNA
ENSG00000214401,lncRNA
ENSG00000230925,NOT_FOUND
ENSG00000260686,lncRNA
ENSG00000197536,lncRNA
ENSG00000234252,NOT_FOUND
ENSG00000264070,transcribed_processed_pseudogene
ENSG00000182511,protein_coding
ENSG00000254275,lncRNA
ENSG00000204439,protein_coding
ENSG00000197815,lncRNA
ENSG00000198720,protein_coding
ENSG00000229473,processed_pseudogene
ENSG00000263766,lncRNA
ENSG00000256705,lncRNA
ENSG00000232470,lncRNA
ENSG00000255121,lncRNA
ENSG00000260814,lncRNA
ENSG00000229648,transcribed_processed_pseudogene
ENSG00000232810,protein_coding
ENSG00000258889,NOT_FOUND
ENSG00000248712,protein_coding
ENSG00000267395,lncRNA
ENSG00000229431,lncRNA
ENSG00000198925,protein_coding
ENSG00000255748,NOT_FOUND
ENSG00000204650,transcribed_unitary_pseudogene
ENSG00000213420,protein_coding
ENSG00000197093,protein_coding
ENSG00000234608,lncRNA
ENSG00000196453,protein_coding
ENSG00000205643,protein_coding
ENSG00000185614,protein_coding
ENSG00000215251,protein_coding
ENSG00000269800,processed_pseudogene
ENSG00000268688,NOT_FOUND
ENSG00000268471,lncRNA
ENSG00000268649,lncRNA
ENSG00000267698,lncRNA
ENSG00000269918,lncRNA
ENSG00000267868,lncRNA
ENSG00000269071,NOT_FOUND
ENSG00000270018,NOT_FOUND
