"tissue","gene","outcome","nsnp","b","se","pval","method","ok","note"
"Liver","PCSK9","ebi-a-GCST006867",1,NA,NA,NA,NA,FALSE,"无结局匹配"
"Liver","PCSK9","ebi-a-GCST005194",1,-0.062333556880762,0.0169747632577075,0.00024053618083824,"Wald ratio",TRUE,"lead eQTL chr1_55054735_G_C_b38 (p=6.02e-07)"
"Liver","PCSK9","ebi-a-GCST005186",1,-0.0158616640276939,0.0306102288253742,0.604331419146522,"Wald ratio",TRUE,"lead eQTL chr1_55054735_G_C_b38 (p=6.02e-07)"
"Liver","HMGCR","ebi-a-GCST006867",0,NA,NA,NA,NA,FALSE,"cis eQTL p≥5e-6（未达预注册工具阈值）"
"Liver","HMGCR","ebi-a-GCST005194",0,NA,NA,NA,NA,FALSE,"cis eQTL p≥5e-6（未达预注册工具阈值）"
"Liver","HMGCR","ebi-a-GCST005186",0,NA,NA,NA,NA,FALSE,"cis eQTL p≥5e-6（未达预注册工具阈值）"
"Liver","ANGPTL3","ebi-a-GCST006867",0,NA,NA,NA,NA,FALSE,"cis eQTL p≥5e-6（未达预注册工具阈值）"
"Liver","ANGPTL3","ebi-a-GCST005194",0,NA,NA,NA,NA,FALSE,"cis eQTL p≥5e-6（未达预注册工具阈值）"
"Liver","ANGPTL3","ebi-a-GCST005186",0,NA,NA,NA,NA,FALSE,"cis eQTL p≥5e-6（未达预注册工具阈值）"
"Liver","APOC3","ebi-a-GCST006867",0,NA,NA,NA,NA,FALSE,"cis eQTL p≥5e-6（未达预注册工具阈值）"
"Liver","APOC3","ebi-a-GCST005194",0,NA,NA,NA,NA,FALSE,"cis eQTL p≥5e-6（未达预注册工具阈值）"
"Liver","APOC3","ebi-a-GCST005186",0,NA,NA,NA,NA,FALSE,"cis eQTL p≥5e-6（未达预注册工具阈值）"
"Liver","APOB","ebi-a-GCST006867",0,NA,NA,NA,NA,FALSE,"cis eQTL p≥5e-6（未达预注册工具阈值）"
"Liver","APOB","ebi-a-GCST005194",0,NA,NA,NA,NA,FALSE,"cis eQTL p≥5e-6（未达预注册工具阈值）"
"Liver","APOB","ebi-a-GCST005186",0,NA,NA,NA,NA,FALSE,"cis eQTL p≥5e-6（未达预注册工具阈值）"
"Liver","LDLR","ebi-a-GCST006867",0,NA,NA,NA,NA,FALSE,"cis eQTL p≥5e-6（未达预注册工具阈值）"
"Liver","LDLR","ebi-a-GCST005194",0,NA,NA,NA,NA,FALSE,"cis eQTL p≥5e-6（未达预注册工具阈值）"
"Liver","LDLR","ebi-a-GCST005186",0,NA,NA,NA,NA,FALSE,"cis eQTL p≥5e-6（未达预注册工具阈值）"
"Liver","CETP","ebi-a-GCST006867",0,NA,NA,NA,NA,FALSE,"cis eQTL p≥5e-6（未达预注册工具阈值）"
"Liver","CETP","ebi-a-GCST005194",0,NA,NA,NA,NA,FALSE,"cis eQTL p≥5e-6（未达预注册工具阈值）"
"Liver","CETP","ebi-a-GCST005186",0,NA,NA,NA,NA,FALSE,"cis eQTL p≥5e-6（未达预注册工具阈值）"
"Liver","NPC1L1","ebi-a-GCST006867",0,NA,NA,NA,NA,FALSE,"cis eQTL p≥5e-6（未达预注册工具阈值）"
"Liver","NPC1L1","ebi-a-GCST005194",0,NA,NA,NA,NA,FALSE,"cis eQTL p≥5e-6（未达预注册工具阈值）"
"Liver","NPC1L1","ebi-a-GCST005186",0,NA,NA,NA,NA,FALSE,"cis eQTL p≥5e-6（未达预注册工具阈值）"
"Liver","ABCC8","ebi-a-GCST006867",1,NA,NA,NA,NA,FALSE,"无结局匹配"
"Liver","ABCC8","ebi-a-GCST005194",1,0.0124385267586128,0.015780220514658,0.430559088090487,"Wald ratio",TRUE,"lead eQTL chr11_17476510_G_A_b38 (p=6.45e-07)"
"Liver","ABCC8","ebi-a-GCST005186",1,NA,NA,NA,NA,FALSE,"无结局匹配"
"Liver","KCNJ11","ebi-a-GCST006867",1,0.0321537849845281,0.0280049095026535,0.250907410498613,"Wald ratio",TRUE,"lead eQTL chr11_17406010_T_C_b38 (p=2.01e-09)"
"Liver","KCNJ11","ebi-a-GCST005194",1,0.0376856189603609,0.0200528981623939,0.0602021299991187,"Wald ratio",TRUE,"lead eQTL chr11_17406010_T_C_b38 (p=2.01e-09)"
"Liver","KCNJ11","ebi-a-GCST005186",1,-0.0055318339758328,0.0110636679516656,0.617075077451974,"Wald ratio",TRUE,"lead eQTL chr11_17406010_T_C_b38 (p=2.01e-09)"
"Liver","PDX1","ebi-a-GCST006867",0,NA,NA,NA,NA,FALSE,"cis eQTL p≥5e-6（未达预注册工具阈值）"
"Liver","PDX1","ebi-a-GCST005194",0,NA,NA,NA,NA,FALSE,"cis eQTL p≥5e-6（未达预注册工具阈值）"
"Liver","PDX1","ebi-a-GCST005186",0,NA,NA,NA,NA,FALSE,"cis eQTL p≥5e-6（未达预注册工具阈值）"
"Liver","TCF7L2","ebi-a-GCST006867",0,NA,NA,NA,NA,FALSE,"cis eQTL p≥5e-6（未达预注册工具阈值）"
"Liver","TCF7L2","ebi-a-GCST005194",0,NA,NA,NA,NA,FALSE,"cis eQTL p≥5e-6（未达预注册工具阈值）"
"Liver","TCF7L2","ebi-a-GCST005186",0,NA,NA,NA,NA,FALSE,"cis eQTL p≥5e-6（未达预注册工具阈值）"
"Liver","INSR","ebi-a-GCST006867",0,NA,NA,NA,NA,FALSE,"cis eQTL p≥5e-6（未达预注册工具阈值）"
"Liver","INSR","ebi-a-GCST005194",0,NA,NA,NA,NA,FALSE,"cis eQTL p≥5e-6（未达预注册工具阈值）"
"Liver","INSR","ebi-a-GCST005186",0,NA,NA,NA,NA,FALSE,"cis eQTL p≥5e-6（未达预注册工具阈值）"
"Liver","SLC5A2","ebi-a-GCST006867",0,NA,NA,NA,NA,FALSE,"cis eQTL p≥5e-6（未达预注册工具阈值）"
"Liver","SLC5A2","ebi-a-GCST005194",0,NA,NA,NA,NA,FALSE,"cis eQTL p≥5e-6（未达预注册工具阈值）"
"Liver","SLC5A2","ebi-a-GCST005186",0,NA,NA,NA,NA,FALSE,"cis eQTL p≥5e-6（未达预注册工具阈值）"
"Liver","DPP4","ebi-a-GCST006867",0,NA,NA,NA,NA,FALSE,"cis eQTL p≥5e-6（未达预注册工具阈值）"
"Liver","DPP4","ebi-a-GCST005194",0,NA,NA,NA,NA,FALSE,"cis eQTL p≥5e-6（未达预注册工具阈值）"
"Liver","DPP4","ebi-a-GCST005186",0,NA,NA,NA,NA,FALSE,"cis eQTL p≥5e-6（未达预注册工具阈值）"
"Liver","PPARG","ebi-a-GCST006867",0,NA,NA,NA,NA,FALSE,"cis eQTL p≥5e-6（未达预注册工具阈值）"
"Liver","PPARG","ebi-a-GCST005194",0,NA,NA,NA,NA,FALSE,"cis eQTL p≥5e-6（未达预注册工具阈值）"
"Liver","PPARG","ebi-a-GCST005186",0,NA,NA,NA,NA,FALSE,"cis eQTL p≥5e-6（未达预注册工具阈值）"
"Liver","G6PC","ebi-a-GCST006867",0,NA,NA,NA,NA,FALSE,"cis eQTL p≥5e-6（未达预注册工具阈值）"
"Liver","G6PC","ebi-a-GCST005194",0,NA,NA,NA,NA,FALSE,"cis eQTL p≥5e-6（未达预注册工具阈值）"
"Liver","G6PC","ebi-a-GCST005186",0,NA,NA,NA,NA,FALSE,"cis eQTL p≥5e-6（未达预注册工具阈值）"
"Liver","PCK1","ebi-a-GCST006867",0,NA,NA,NA,NA,FALSE,"cis eQTL p≥5e-6（未达预注册工具阈值）"
"Liver","PCK1","ebi-a-GCST005194",0,NA,NA,NA,NA,FALSE,"cis eQTL p≥5e-6（未达预注册工具阈值）"
"Liver","PCK1","ebi-a-GCST005186",0,NA,NA,NA,NA,FALSE,"cis eQTL p≥5e-6（未达预注册工具阈值）"
"Liver","SLC5A1","ebi-a-GCST006867",0,NA,NA,NA,NA,FALSE,"cis eQTL p≥5e-6（未达预注册工具阈值）"
"Liver","SLC5A1","ebi-a-GCST005194",0,NA,NA,NA,NA,FALSE,"cis eQTL p≥5e-6（未达预注册工具阈值）"
"Liver","SLC5A1","ebi-a-GCST005186",0,NA,NA,NA,NA,FALSE,"cis eQTL p≥5e-6（未达预注册工具阈值）"
"Pancreas","PCSK9","ebi-a-GCST006867",1,NA,NA,NA,NA,FALSE,"无结局匹配"
"Pancreas","PCSK9","ebi-a-GCST005194",1,0.0315662101257387,0.0187894107891302,0.0929573157274401,"Wald ratio",TRUE,"lead eQTL chr1_55048509_T_C_b38 (p=3.99e-07)"
"Pancreas","PCSK9","ebi-a-GCST005186",1,0.00526103502095646,0.0120252229050433,0.661748776081758,"Wald ratio",TRUE,"lead eQTL chr1_55048509_T_C_b38 (p=3.99e-07)"
"Pancreas","HMGCR","ebi-a-GCST006867",0,NA,NA,NA,NA,FALSE,"cis eQTL p≥5e-6（未达预注册工具阈值）"
"Pancreas","HMGCR","ebi-a-GCST005194",0,NA,NA,NA,NA,FALSE,"cis eQTL p≥5e-6（未达预注册工具阈值）"
"Pancreas","HMGCR","ebi-a-GCST005186",0,NA,NA,NA,NA,FALSE,"cis eQTL p≥5e-6（未达预注册工具阈值）"
"Pancreas","ANGPTL3","ebi-a-GCST006867",0,NA,NA,NA,NA,FALSE,"cis eQTL p≥5e-6（未达预注册工具阈值）"
"Pancreas","ANGPTL3","ebi-a-GCST005194",0,NA,NA,NA,NA,FALSE,"cis eQTL p≥5e-6（未达预注册工具阈值）"
"Pancreas","ANGPTL3","ebi-a-GCST005186",0,NA,NA,NA,NA,FALSE,"cis eQTL p≥5e-6（未达预注册工具阈值）"
"Pancreas","APOC3","ebi-a-GCST006867",0,NA,NA,NA,NA,FALSE,"cis eQTL p≥5e-6（未达预注册工具阈值）"
"Pancreas","APOC3","ebi-a-GCST005194",0,NA,NA,NA,NA,FALSE,"cis eQTL p≥5e-6（未达预注册工具阈值）"
"Pancreas","APOC3","ebi-a-GCST005186",0,NA,NA,NA,NA,FALSE,"cis eQTL p≥5e-6（未达预注册工具阈值）"
"Pancreas","APOB","ebi-a-GCST006867",0,NA,NA,NA,NA,FALSE,"cis eQTL p≥5e-6（未达预注册工具阈值）"
"Pancreas","APOB","ebi-a-GCST005194",0,NA,NA,NA,NA,FALSE,"cis eQTL p≥5e-6（未达预注册工具阈值）"
"Pancreas","APOB","ebi-a-GCST005186",0,NA,NA,NA,NA,FALSE,"cis eQTL p≥5e-6（未达预注册工具阈值）"
"Pancreas","LDLR","ebi-a-GCST006867",0,NA,NA,NA,NA,FALSE,"cis eQTL p≥5e-6（未达预注册工具阈值）"
"Pancreas","LDLR","ebi-a-GCST005194",0,NA,NA,NA,NA,FALSE,"cis eQTL p≥5e-6（未达预注册工具阈值）"
"Pancreas","LDLR","ebi-a-GCST005186",0,NA,NA,NA,NA,FALSE,"cis eQTL p≥5e-6（未达预注册工具阈值）"
"Pancreas","CETP","ebi-a-GCST006867",1,0.0246781450347572,0.0213011357142115,0.246645130592756,"Wald ratio",TRUE,"lead eQTL chr16_56956804_C_A_b38 (p=4.01e-07)"
"Pancreas","CETP","ebi-a-GCST005194",1,0.0893608620205946,0.0158459668117915,1.70698958044033e-08,"Wald ratio",TRUE,"lead eQTL chr16_56956804_C_A_b38 (p=4.01e-07)"
"Pancreas","CETP","ebi-a-GCST005186",1,0.0148068870208543,0.0285746942507715,0.604331419146522,"Wald ratio",TRUE,"lead eQTL chr16_56956804_C_A_b38 (p=4.01e-07)"
"Pancreas","NPC1L1","ebi-a-GCST006867",1,NA,NA,NA,NA,FALSE,"无结局匹配"
"Pancreas","NPC1L1","ebi-a-GCST005194",1,0.101798530233358,0.022025011818299,3.80147415462577e-06,"Wald ratio",TRUE,"lead eQTL chr7_44541277_G_T_b38 (p=4.04e-07)"
"Pancreas","NPC1L1","ebi-a-GCST005186",1,NA,NA,NA,NA,FALSE,"无结局匹配"
"Pancreas","GLP1R","ebi-a-GCST006867",1,-0.0046153881656832,0.0184615526627328,0.802587348634153,"Wald ratio",TRUE,"lead eQTL chr6_39064045_A_G_b38 (p=1.38e-12)"
"Pancreas","GLP1R","ebi-a-GCST005194",1,0.0200769385207219,0.0133846256804813,0.133614402537716,"Wald ratio",TRUE,"lead eQTL chr6_39064045_A_G_b38 (p=1.38e-12)"
"Pancreas","GLP1R","ebi-a-GCST005186",1,0.00669231284024065,0.00738462106509313,0.364803543676989,"Wald ratio",TRUE,"lead eQTL chr6_39064045_A_G_b38 (p=1.38e-12)"
"Pancreas","ABCC8","ebi-a-GCST006867",0,NA,NA,NA,NA,FALSE,"cis eQTL p≥5e-6（未达预注册工具阈值）"
"Pancreas","ABCC8","ebi-a-GCST005194",0,NA,NA,NA,NA,FALSE,"cis eQTL p≥5e-6（未达预注册工具阈值）"
"Pancreas","ABCC8","ebi-a-GCST005186",0,NA,NA,NA,NA,FALSE,"cis eQTL p≥5e-6（未达预注册工具阈值）"
"Pancreas","KCNJ11","ebi-a-GCST006867",1,0.0661324748941531,0.0318415619860737,0.0378086594703814,"Wald ratio",TRUE,"lead eQTL chr11_17414389_G_A_b38 (p=4.86e-13)"
"Pancreas","KCNJ11","ebi-a-GCST005194",1,0.0461877602435355,0.0223940655726233,0.0391601575567549,"Wald ratio",TRUE,"lead eQTL chr11_17414389_G_A_b38 (p=4.86e-13)"
"Pancreas","KCNJ11","ebi-a-GCST005186",1,-0.00419888729486686,0.0122467546100283,0.731705934672859,"Wald ratio",TRUE,"lead eQTL chr11_17414389_G_A_b38 (p=4.86e-13)"
"Pancreas","PDX1","ebi-a-GCST006867",1,-0.108406996683019,0.0265903954128159,4.56355817210175e-05,"Wald ratio",TRUE,"lead eQTL chr13_27907801_T_C_b38 (p=1.07e-07)"
"Pancreas","PDX1","ebi-a-GCST005194",1,0.00409083006351014,0.0194314428016731,0.833256914830536,"Wald ratio",TRUE,"lead eQTL chr13_27907801_T_C_b38 (p=1.07e-07)"
"Pancreas","PDX1","ebi-a-GCST005186",1,0.0310221279816185,0.0105679776640679,0.00333027924112508,"Wald ratio",TRUE,"lead eQTL chr13_27907801_T_C_b38 (p=1.07e-07)"
"Pancreas","GCG","ebi-a-GCST006867",0,NA,NA,NA,NA,FALSE,"cis eQTL p≥5e-6（未达预注册工具阈值）"
"Pancreas","GCG","ebi-a-GCST005194",0,NA,NA,NA,NA,FALSE,"cis eQTL p≥5e-6（未达预注册工具阈值）"
"Pancreas","GCG","ebi-a-GCST005186",0,NA,NA,NA,NA,FALSE,"cis eQTL p≥5e-6（未达预注册工具阈值）"
"Pancreas","TCF7L2","ebi-a-GCST006867",0,NA,NA,NA,NA,FALSE,"cis eQTL p≥5e-6（未达预注册工具阈值）"
"Pancreas","TCF7L2","ebi-a-GCST005194",0,NA,NA,NA,NA,FALSE,"cis eQTL p≥5e-6（未达预注册工具阈值）"
"Pancreas","TCF7L2","ebi-a-GCST005186",0,NA,NA,NA,NA,FALSE,"cis eQTL p≥5e-6（未达预注册工具阈值）"
"Pancreas","INSR","ebi-a-GCST006867",0,NA,NA,NA,NA,FALSE,"cis eQTL p≥5e-6（未达预注册工具阈值）"
"Pancreas","INSR","ebi-a-GCST005194",0,NA,NA,NA,NA,FALSE,"cis eQTL p≥5e-6（未达预注册工具阈值）"
"Pancreas","INSR","ebi-a-GCST005186",0,NA,NA,NA,NA,FALSE,"cis eQTL p≥5e-6（未达预注册工具阈值）"
"Pancreas","SLC5A2","ebi-a-GCST006867",1,-0.0123669886206038,0.0153704001427504,0.421051869153212,"Wald ratio",TRUE,"lead eQTL chr16_31484552_G_A_b38 (p=4.24e-13)"
"Pancreas","SLC5A2","ebi-a-GCST005194",1,-0.001413370128069,0.011306961024552,0.900523550339774,"Wald ratio",TRUE,"lead eQTL chr16_31484552_G_A_b38 (p=4.24e-13)"
"Pancreas","SLC5A2","ebi-a-GCST005186",1,0.00159004139407763,0.0063601655763105,0.802587348634153,"Wald ratio",TRUE,"lead eQTL chr16_31484552_G_A_b38 (p=4.24e-13)"
"Pancreas","DPP4","ebi-a-GCST006867",0,NA,NA,NA,NA,FALSE,"cis eQTL p≥5e-6（未达预注册工具阈值）"
"Pancreas","DPP4","ebi-a-GCST005194",0,NA,NA,NA,NA,FALSE,"cis eQTL p≥5e-6（未达预注册工具阈值）"
"Pancreas","DPP4","ebi-a-GCST005186",0,NA,NA,NA,NA,FALSE,"cis eQTL p≥5e-6（未达预注册工具阈值）"
"Pancreas","PPARG","ebi-a-GCST006867",0,NA,NA,NA,NA,FALSE,"cis eQTL p≥5e-6（未达预注册工具阈值）"
"Pancreas","PPARG","ebi-a-GCST005194",0,NA,NA,NA,NA,FALSE,"cis eQTL p≥5e-6（未达预注册工具阈值）"
"Pancreas","PPARG","ebi-a-GCST005186",0,NA,NA,NA,NA,FALSE,"cis eQTL p≥5e-6（未达预注册工具阈值）"
"Pancreas","G6PC","ebi-a-GCST006867",0,NA,NA,NA,NA,FALSE,"cis eQTL p≥5e-6（未达预注册工具阈值）"
"Pancreas","G6PC","ebi-a-GCST005194",0,NA,NA,NA,NA,FALSE,"cis eQTL p≥5e-6（未达预注册工具阈值）"
"Pancreas","G6PC","ebi-a-GCST005186",0,NA,NA,NA,NA,FALSE,"cis eQTL p≥5e-6（未达预注册工具阈值）"
"Pancreas","PCK1","ebi-a-GCST006867",0,NA,NA,NA,NA,FALSE,"cis eQTL p≥5e-6（未达预注册工具阈值）"
"Pancreas","PCK1","ebi-a-GCST005194",0,NA,NA,NA,NA,FALSE,"cis eQTL p≥5e-6（未达预注册工具阈值）"
"Pancreas","PCK1","ebi-a-GCST005186",0,NA,NA,NA,NA,FALSE,"cis eQTL p≥5e-6（未达预注册工具阈值）"
"Pancreas","SLC5A1","ebi-a-GCST006867",0,NA,NA,NA,NA,FALSE,"cis eQTL p≥5e-6（未达预注册工具阈值）"
"Pancreas","SLC5A1","ebi-a-GCST005194",0,NA,NA,NA,NA,FALSE,"cis eQTL p≥5e-6（未达预注册工具阈值）"
"Pancreas","SLC5A1","ebi-a-GCST005186",0,NA,NA,NA,NA,FALSE,"cis eQTL p≥5e-6（未达预注册工具阈值）"
"Whole_Blood","PCSK9","ebi-a-GCST006867",1,NA,NA,NA,NA,FALSE,"无结局匹配"
"Whole_Blood","PCSK9","ebi-a-GCST005194",1,0.134502580634831,0.032024423960674,2.66914980318127e-05,"Wald ratio",TRUE,"lead eQTL chr1_55055436_G_A_b38 (p=8.79e-14)"
"Whole_Blood","PCSK9","ebi-a-GCST005186",1,-0.0304232027626403,0.0587114439279023,0.604331419146522,"Wald ratio",TRUE,"lead eQTL chr1_55055436_G_A_b38 (p=8.79e-14)"
"Whole_Blood","HMGCR","ebi-a-GCST006867",0,NA,NA,NA,NA,FALSE,"cis eQTL p≥5e-6（未达预注册工具阈值）"
"Whole_Blood","HMGCR","ebi-a-GCST005194",0,NA,NA,NA,NA,FALSE,"cis eQTL p≥5e-6（未达预注册工具阈值）"
"Whole_Blood","HMGCR","ebi-a-GCST005186",0,NA,NA,NA,NA,FALSE,"cis eQTL p≥5e-6（未达预注册工具阈值）"
"Whole_Blood","ANGPTL3","ebi-a-GCST006867",0,NA,NA,NA,NA,FALSE,"cis eQTL p≥5e-6（未达预注册工具阈值）"
"Whole_Blood","ANGPTL3","ebi-a-GCST005194",0,NA,NA,NA,NA,FALSE,"cis eQTL p≥5e-6（未达预注册工具阈值）"
"Whole_Blood","ANGPTL3","ebi-a-GCST005186",0,NA,NA,NA,NA,FALSE,"cis eQTL p≥5e-6（未达预注册工具阈值）"
"Whole_Blood","APOC3","ebi-a-GCST006867",0,NA,NA,NA,NA,FALSE,"cis eQTL p≥5e-6（未达预注册工具阈值）"
"Whole_Blood","APOC3","ebi-a-GCST005194",0,NA,NA,NA,NA,FALSE,"cis eQTL p≥5e-6（未达预注册工具阈值）"
"Whole_Blood","APOC3","ebi-a-GCST005186",0,NA,NA,NA,NA,FALSE,"cis eQTL p≥5e-6（未达预注册工具阈值）"
"Whole_Blood","LDLR","ebi-a-GCST006867",1,NA,NA,NA,NA,FALSE,"无结局匹配"
"Whole_Blood","LDLR","ebi-a-GCST005194",1,NA,NA,NA,NA,FALSE,"无结局匹配"
"Whole_Blood","LDLR","ebi-a-GCST005186",1,NA,NA,NA,NA,FALSE,"无结局匹配"
"Whole_Blood","CETP","ebi-a-GCST006867",0,NA,NA,NA,NA,FALSE,"cis eQTL p≥5e-6（未达预注册工具阈值）"
"Whole_Blood","CETP","ebi-a-GCST005194",0,NA,NA,NA,NA,FALSE,"cis eQTL p≥5e-6（未达预注册工具阈值）"
"Whole_Blood","CETP","ebi-a-GCST005186",0,NA,NA,NA,NA,FALSE,"cis eQTL p≥5e-6（未达预注册工具阈值）"
"Whole_Blood","KCNJ11","ebi-a-GCST006867",0,NA,NA,NA,NA,FALSE,"cis eQTL p≥5e-6（未达预注册工具阈值）"
"Whole_Blood","KCNJ11","ebi-a-GCST005194",0,NA,NA,NA,NA,FALSE,"cis eQTL p≥5e-6（未达预注册工具阈值）"
"Whole_Blood","KCNJ11","ebi-a-GCST005186",0,NA,NA,NA,NA,FALSE,"cis eQTL p≥5e-6（未达预注册工具阈值）"
"Whole_Blood","TCF7L2","ebi-a-GCST006867",0,NA,NA,NA,NA,FALSE,"cis eQTL p≥5e-6（未达预注册工具阈值）"
"Whole_Blood","TCF7L2","ebi-a-GCST005194",0,NA,NA,NA,NA,FALSE,"cis eQTL p≥5e-6（未达预注册工具阈值）"
"Whole_Blood","TCF7L2","ebi-a-GCST005186",0,NA,NA,NA,NA,FALSE,"cis eQTL p≥5e-6（未达预注册工具阈值）"
"Whole_Blood","INSR","ebi-a-GCST006867",1,NA,NA,NA,NA,FALSE,"无结局匹配"
"Whole_Blood","INSR","ebi-a-GCST005194",1,NA,NA,NA,NA,FALSE,"无结局匹配"
"Whole_Blood","INSR","ebi-a-GCST005186",1,NA,NA,NA,NA,FALSE,"无结局匹配"
"Whole_Blood","SLC5A2","ebi-a-GCST006867",0,NA,NA,NA,NA,FALSE,"cis eQTL p≥5e-6（未达预注册工具阈值）"
"Whole_Blood","SLC5A2","ebi-a-GCST005194",0,NA,NA,NA,NA,FALSE,"cis eQTL p≥5e-6（未达预注册工具阈值）"
"Whole_Blood","SLC5A2","ebi-a-GCST005186",0,NA,NA,NA,NA,FALSE,"cis eQTL p≥5e-6（未达预注册工具阈值）"
"Whole_Blood","DPP4","ebi-a-GCST006867",0,NA,NA,NA,NA,FALSE,"cis eQTL p≥5e-6（未达预注册工具阈值）"
"Whole_Blood","DPP4","ebi-a-GCST005194",0,NA,NA,NA,NA,FALSE,"cis eQTL p≥5e-6（未达预注册工具阈值）"
"Whole_Blood","DPP4","ebi-a-GCST005186",0,NA,NA,NA,NA,FALSE,"cis eQTL p≥5e-6（未达预注册工具阈值）"
"Whole_Blood","PPARG","ebi-a-GCST006867",0,NA,NA,NA,NA,FALSE,"cis eQTL p≥5e-6（未达预注册工具阈值）"
"Whole_Blood","PPARG","ebi-a-GCST005194",0,NA,NA,NA,NA,FALSE,"cis eQTL p≥5e-6（未达预注册工具阈值）"
"Whole_Blood","PPARG","ebi-a-GCST005186",0,NA,NA,NA,NA,FALSE,"cis eQTL p≥5e-6（未达预注册工具阈值）"
"Whole_Blood","PCK1","ebi-a-GCST006867",0,NA,NA,NA,NA,FALSE,"cis eQTL p≥5e-6（未达预注册工具阈值）"
"Whole_Blood","PCK1","ebi-a-GCST005194",0,NA,NA,NA,NA,FALSE,"cis eQTL p≥5e-6（未达预注册工具阈值）"
"Whole_Blood","PCK1","ebi-a-GCST005186",0,NA,NA,NA,NA,FALSE,"cis eQTL p≥5e-6（未达预注册工具阈值）"
"Adipose_Subcutaneous","PCSK9","ebi-a-GCST006867",0,NA,NA,NA,NA,FALSE,"cis eQTL p≥5e-6（未达预注册工具阈值）"
"Adipose_Subcutaneous","PCSK9","ebi-a-GCST005194",0,NA,NA,NA,NA,FALSE,"cis eQTL p≥5e-6（未达预注册工具阈值）"
"Adipose_Subcutaneous","PCSK9","ebi-a-GCST005186",0,NA,NA,NA,NA,FALSE,"cis eQTL p≥5e-6（未达预注册工具阈值）"
"Adipose_Subcutaneous","HMGCR","ebi-a-GCST006867",0,NA,NA,NA,NA,FALSE,"cis eQTL p≥5e-6（未达预注册工具阈值）"
"Adipose_Subcutaneous","HMGCR","ebi-a-GCST005194",0,NA,NA,NA,NA,FALSE,"cis eQTL p≥5e-6（未达预注册工具阈值）"
"Adipose_Subcutaneous","HMGCR","ebi-a-GCST005186",0,NA,NA,NA,NA,FALSE,"cis eQTL p≥5e-6（未达预注册工具阈值）"
"Adipose_Subcutaneous","ANGPTL3","ebi-a-GCST006867",0,NA,NA,NA,NA,FALSE,"cis eQTL p≥5e-6（未达预注册工具阈值）"
"Adipose_Subcutaneous","ANGPTL3","ebi-a-GCST005194",0,NA,NA,NA,NA,FALSE,"cis eQTL p≥5e-6（未达预注册工具阈值）"
"Adipose_Subcutaneous","ANGPTL3","ebi-a-GCST005186",0,NA,NA,NA,NA,FALSE,"cis eQTL p≥5e-6（未达预注册工具阈值）"
"Adipose_Subcutaneous","APOC3","ebi-a-GCST006867",0,NA,NA,NA,NA,FALSE,"cis eQTL p≥5e-6（未达预注册工具阈值）"
"Adipose_Subcutaneous","APOC3","ebi-a-GCST005194",0,NA,NA,NA,NA,FALSE,"cis eQTL p≥5e-6（未达预注册工具阈值）"
"Adipose_Subcutaneous","APOC3","ebi-a-GCST005186",0,NA,NA,NA,NA,FALSE,"cis eQTL p≥5e-6（未达预注册工具阈值）"
"Adipose_Subcutaneous","APOB","ebi-a-GCST006867",1,-0.0392222782540483,0.0199765640797016,0.0495980147601274,"Wald ratio",TRUE,"lead eQTL chr2_21098849_A_G_b38 (p=4.92e-29)"
"Adipose_Subcutaneous","APOB","ebi-a-GCST005194",1,0.0665073413872993,0.0148606147422171,7.62648784130705e-06,"Wald ratio",TRUE,"lead eQTL chr2_21098849_A_G_b38 (p=4.92e-29)"
"Adipose_Subcutaneous","APOB","ebi-a-GCST005186",1,-0.00828296559402262,0.00803934895890431,0.302867777010297,"Wald ratio",TRUE,"lead eQTL chr2_21098849_A_G_b38 (p=4.92e-29)"
"Adipose_Subcutaneous","LDLR","ebi-a-GCST006867",0,NA,NA,NA,NA,FALSE,"cis eQTL p≥5e-6（未达预注册工具阈值）"
"Adipose_Subcutaneous","LDLR","ebi-a-GCST005194",0,NA,NA,NA,NA,FALSE,"cis eQTL p≥5e-6（未达预注册工具阈值）"
"Adipose_Subcutaneous","LDLR","ebi-a-GCST005186",0,NA,NA,NA,NA,FALSE,"cis eQTL p≥5e-6（未达预注册工具阈值）"
"Adipose_Subcutaneous","CETP","ebi-a-GCST006867",1,0.0297897256263547,0.0284200830688211,0.294549800454678,"Wald ratio",TRUE,"lead eQTL chr16_56953457_T_C_b38 (p=2.31e-08)"
"Adipose_Subcutaneous","CETP","ebi-a-GCST005194",1,0.123610240817403,0.0208870490023866,3.25815028566657e-09,"Wald ratio",TRUE,"lead eQTL chr16_56953457_T_C_b38 (p=2.31e-08)"
"Adipose_Subcutaneous","CETP","ebi-a-GCST005186",1,0.0147236574934856,0.0123267830178019,0.232304160207264,"Wald ratio",TRUE,"lead eQTL chr16_56953457_T_C_b38 (p=2.31e-08)"
"Adipose_Subcutaneous","NPC1L1","ebi-a-GCST006867",1,NA,NA,NA,NA,FALSE,"无结局匹配"
"Adipose_Subcutaneous","NPC1L1","ebi-a-GCST005194",1,0.0800635438363746,0.0173224553946774,3.80147415462578e-06,"Wald ratio",TRUE,"lead eQTL chr7_44541277_G_T_b38 (p=1.69e-18)"
"Adipose_Subcutaneous","NPC1L1","ebi-a-GCST005186",1,NA,NA,NA,NA,FALSE,"无结局匹配"
"Adipose_Subcutaneous","GLP1R","ebi-a-GCST006867",0,NA,NA,NA,NA,FALSE,"cis eQTL p≥5e-6（未达预注册工具阈值）"
"Adipose_Subcutaneous","GLP1R","ebi-a-GCST005194",0,NA,NA,NA,NA,FALSE,"cis eQTL p≥5e-6（未达预注册工具阈值）"
"Adipose_Subcutaneous","GLP1R","ebi-a-GCST005186",0,NA,NA,NA,NA,FALSE,"cis eQTL p≥5e-6（未达预注册工具阈值）"
"Adipose_Subcutaneous","ABCC8","ebi-a-GCST006867",1,NA,NA,NA,NA,FALSE,"无结局匹配"
"Adipose_Subcutaneous","ABCC8","ebi-a-GCST005194",1,0.0100913949018875,0.0128025159203051,0.430559088090487,"Wald ratio",TRUE,"lead eQTL chr11_17476510_G_A_b38 (p=9.43e-31)"
"Adipose_Subcutaneous","ABCC8","ebi-a-GCST005186",1,NA,NA,NA,NA,FALSE,"无结局匹配"
"Adipose_Subcutaneous","KCNJ11","ebi-a-GCST006867",0,NA,NA,NA,NA,FALSE,"cis eQTL p≥5e-6（未达预注册工具阈值）"
"Adipose_Subcutaneous","KCNJ11","ebi-a-GCST005194",0,NA,NA,NA,NA,FALSE,"cis eQTL p≥5e-6（未达预注册工具阈值）"
"Adipose_Subcutaneous","KCNJ11","ebi-a-GCST005186",0,NA,NA,NA,NA,FALSE,"cis eQTL p≥5e-6（未达预注册工具阈值）"
"Adipose_Subcutaneous","TCF7L2","ebi-a-GCST006867",0,NA,NA,NA,NA,FALSE,"cis eQTL p≥5e-6（未达预注册工具阈值）"
"Adipose_Subcutaneous","TCF7L2","ebi-a-GCST005194",0,NA,NA,NA,NA,FALSE,"cis eQTL p≥5e-6（未达预注册工具阈值）"
"Adipose_Subcutaneous","TCF7L2","ebi-a-GCST005186",0,NA,NA,NA,NA,FALSE,"cis eQTL p≥5e-6（未达预注册工具阈值）"
"Adipose_Subcutaneous","INSR","ebi-a-GCST006867",1,NA,NA,NA,NA,FALSE,"无结局匹配"
"Adipose_Subcutaneous","INSR","ebi-a-GCST005194",1,0.0602927211612378,0.0648146752483306,0.352250687955077,"Wald ratio",TRUE,"lead eQTL chr19_7125508_G_A_b38 (p=1.53e-06)"
"Adipose_Subcutaneous","INSR","ebi-a-GCST005186",1,NA,NA,NA,NA,FALSE,"无结局匹配"
"Adipose_Subcutaneous","SLC5A2","ebi-a-GCST006867",0,NA,NA,NA,NA,FALSE,"cis eQTL p≥5e-6（未达预注册工具阈值）"
"Adipose_Subcutaneous","SLC5A2","ebi-a-GCST005194",0,NA,NA,NA,NA,FALSE,"cis eQTL p≥5e-6（未达预注册工具阈值）"
"Adipose_Subcutaneous","SLC5A2","ebi-a-GCST005186",0,NA,NA,NA,NA,FALSE,"cis eQTL p≥5e-6（未达预注册工具阈值）"
"Adipose_Subcutaneous","DPP4","ebi-a-GCST006867",0,NA,NA,NA,NA,FALSE,"cis eQTL p≥5e-6（未达预注册工具阈值）"
"Adipose_Subcutaneous","DPP4","ebi-a-GCST005194",0,NA,NA,NA,NA,FALSE,"cis eQTL p≥5e-6（未达预注册工具阈值）"
"Adipose_Subcutaneous","DPP4","ebi-a-GCST005186",0,NA,NA,NA,NA,FALSE,"cis eQTL p≥5e-6（未达预注册工具阈值）"
"Adipose_Subcutaneous","PPARG","ebi-a-GCST006867",0,NA,NA,NA,NA,FALSE,"cis eQTL p≥5e-6（未达预注册工具阈值）"
"Adipose_Subcutaneous","PPARG","ebi-a-GCST005194",0,NA,NA,NA,NA,FALSE,"cis eQTL p≥5e-6（未达预注册工具阈值）"
"Adipose_Subcutaneous","PPARG","ebi-a-GCST005186",0,NA,NA,NA,NA,FALSE,"cis eQTL p≥5e-6（未达预注册工具阈值）"
"Adipose_Subcutaneous","PCK1","ebi-a-GCST006867",1,-0.0537178827588294,0.0597706019429229,0.368794267918584,"Wald ratio",TRUE,"lead eQTL chr20_57562742_G_A_b38 (p=3.2e-06)"
"Adipose_Subcutaneous","PCK1","ebi-a-GCST005194",1,0.0597706019429229,0.0438822140846775,0.173176121354355,"Wald ratio",TRUE,"lead eQTL chr20_57562742_G_A_b38 (p=3.2e-06)"
"Adipose_Subcutaneous","PCK1","ebi-a-GCST005186",1,0.0484217534727476,0.0234542868383621,0.0389688062455502,"Wald ratio",TRUE,"lead eQTL chr20_57562742_G_A_b38 (p=3.2e-06)"
"Adipose_Subcutaneous","SLC5A1","ebi-a-GCST006867",0,NA,NA,NA,NA,FALSE,"cis eQTL p≥5e-6（未达预注册工具阈值）"
"Adipose_Subcutaneous","SLC5A1","ebi-a-GCST005194",0,NA,NA,NA,NA,FALSE,"cis eQTL p≥5e-6（未达预注册工具阈值）"
"Adipose_Subcutaneous","SLC5A1","ebi-a-GCST005186",0,NA,NA,NA,NA,FALSE,"cis eQTL p≥5e-6（未达预注册工具阈值）"
"Muscle_Skeletal","HMGCR","ebi-a-GCST006867",1,-0.131083166878518,0.0408570909751226,0.00133506664255911,"Wald ratio",TRUE,"lead eQTL chr5_75355259_A_G_b38 (p=6.41e-10)"
"Muscle_Skeletal","HMGCR","ebi-a-GCST005194",1,0.109519702197204,0.0300753586344652,0.000271044191077755,"Wald ratio",TRUE,"lead eQTL chr5_75355259_A_G_b38 (p=6.41e-10)"
"Muscle_Skeletal","HMGCR","ebi-a-GCST005186",1,-0.0380197929907391,0.0175912475031778,0.0306729200049368,"Wald ratio",TRUE,"lead eQTL chr5_75355259_A_G_b38 (p=6.41e-10)"
"Muscle_Skeletal","APOC3","ebi-a-GCST006867",0,NA,NA,NA,NA,FALSE,"cis eQTL p≥5e-6（未达预注册工具阈值）"
"Muscle_Skeletal","APOC3","ebi-a-GCST005194",0,NA,NA,NA,NA,FALSE,"cis eQTL p≥5e-6（未达预注册工具阈值）"
"Muscle_Skeletal","APOC3","ebi-a-GCST005186",0,NA,NA,NA,NA,FALSE,"cis eQTL p≥5e-6（未达预注册工具阈值）"
"Muscle_Skeletal","APOB","ebi-a-GCST006867",1,-0.0836137452839808,0.039971448965025,0.0364531230353893,"Wald ratio",TRUE,"lead eQTL chr2_21192856_G_T_b38 (p=3.66e-07)"
"Muscle_Skeletal","APOB","ebi-a-GCST005194",1,0.19047619047619,0.0289589069032324,4.78537129762691e-11,"Wald ratio",TRUE,"lead eQTL chr2_21192856_G_T_b38 (p=3.66e-07)"
"Muscle_Skeletal","APOB","ebi-a-GCST005186",1,-0.0110125420617926,0.0142755174875089,0.440452945294225,"Wald ratio",TRUE,"lead eQTL chr2_21192856_G_T_b38 (p=3.66e-07)"
"Muscle_Skeletal","LDLR","ebi-a-GCST006867",0,NA,NA,NA,NA,FALSE,"cis eQTL p≥5e-6（未达预注册工具阈值）"
"Muscle_Skeletal","LDLR","ebi-a-GCST005194",0,NA,NA,NA,NA,FALSE,"cis eQTL p≥5e-6（未达预注册工具阈值）"
"Muscle_Skeletal","LDLR","ebi-a-GCST005186",0,NA,NA,NA,NA,FALSE,"cis eQTL p≥5e-6（未达预注册工具阈值）"
"Muscle_Skeletal","CETP","ebi-a-GCST006867",0,NA,NA,NA,NA,FALSE,"cis eQTL p≥5e-6（未达预注册工具阈值）"
"Muscle_Skeletal","CETP","ebi-a-GCST005194",0,NA,NA,NA,NA,FALSE,"cis eQTL p≥5e-6（未达预注册工具阈值）"
"Muscle_Skeletal","CETP","ebi-a-GCST005186",0,NA,NA,NA,NA,FALSE,"cis eQTL p≥5e-6（未达预注册工具阈值）"
"Muscle_Skeletal","NPC1L1","ebi-a-GCST006867",1,NA,NA,NA,NA,FALSE,"无结局匹配"
"Muscle_Skeletal","NPC1L1","ebi-a-GCST005194",1,NA,NA,NA,NA,FALSE,"无结局匹配"
"Muscle_Skeletal","NPC1L1","ebi-a-GCST005186",1,NA,NA,NA,NA,FALSE,"无结局匹配"
"Muscle_Skeletal","ABCC8","ebi-a-GCST006867",1,NA,NA,NA,NA,FALSE,"无结局匹配"
"Muscle_Skeletal","ABCC8","ebi-a-GCST005194",1,0.00702027182073369,0.00890631499645319,0.430559088090487,"Wald ratio",TRUE,"lead eQTL chr11_17476510_G_A_b38 (p=2.63e-85)"
"Muscle_Skeletal","ABCC8","ebi-a-GCST005186",1,NA,NA,NA,NA,FALSE,"无结局匹配"
"Muscle_Skeletal","KCNJ11","ebi-a-GCST006867",1,NA,NA,NA,NA,FALSE,"无结局匹配"
"Muscle_Skeletal","KCNJ11","ebi-a-GCST005194",1,NA,NA,NA,NA,FALSE,"无结局匹配"
"Muscle_Skeletal","KCNJ11","ebi-a-GCST005186",1,NA,NA,NA,NA,FALSE,"无结局匹配"
"Muscle_Skeletal","TCF7L2","ebi-a-GCST006867",0,NA,NA,NA,NA,FALSE,"cis eQTL p≥5e-6（未达预注册工具阈值）"
"Muscle_Skeletal","TCF7L2","ebi-a-GCST005194",0,NA,NA,NA,NA,FALSE,"cis eQTL p≥5e-6（未达预注册工具阈值）"
"Muscle_Skeletal","TCF7L2","ebi-a-GCST005186",0,NA,NA,NA,NA,FALSE,"cis eQTL p≥5e-6（未达预注册工具阈值）"
"Muscle_Skeletal","INSR","ebi-a-GCST006867",1,NA,NA,NA,NA,FALSE,"无结局匹配"
"Muscle_Skeletal","INSR","ebi-a-GCST005194",1,0.0643543273553211,0.059622391520371,0.28042501171986,"Wald ratio",TRUE,"lead eQTL chr19_7690056_A_C_b38 (p=2.02e-06)"
"Muscle_Skeletal","INSR","ebi-a-GCST005186",1,0.0160885818388303,0.0350163251786306,0.645904258226149,"Wald ratio",TRUE,"lead eQTL chr19_7690056_A_C_b38 (p=2.02e-06)"
"Muscle_Skeletal","DPP4","ebi-a-GCST006867",0,NA,NA,NA,NA,FALSE,"cis eQTL p≥5e-6（未达预注册工具阈值）"
"Muscle_Skeletal","DPP4","ebi-a-GCST005194",0,NA,NA,NA,NA,FALSE,"cis eQTL p≥5e-6（未达预注册工具阈值）"
"Muscle_Skeletal","DPP4","ebi-a-GCST005186",0,NA,NA,NA,NA,FALSE,"cis eQTL p≥5e-6（未达预注册工具阈值）"
"Muscle_Skeletal","PPARG","ebi-a-GCST006867",0,NA,NA,NA,NA,FALSE,"cis eQTL p≥5e-6（未达预注册工具阈值）"
"Muscle_Skeletal","PPARG","ebi-a-GCST005194",0,NA,NA,NA,NA,FALSE,"cis eQTL p≥5e-6（未达预注册工具阈值）"
"Muscle_Skeletal","PPARG","ebi-a-GCST005186",0,NA,NA,NA,NA,FALSE,"cis eQTL p≥5e-6（未达预注册工具阈值）"
"Muscle_Skeletal","PCK1","ebi-a-GCST006867",0,NA,NA,NA,NA,FALSE,"cis eQTL p≥5e-6（未达预注册工具阈值）"
"Muscle_Skeletal","PCK1","ebi-a-GCST005194",0,NA,NA,NA,NA,FALSE,"cis eQTL p≥5e-6（未达预注册工具阈值）"
"Muscle_Skeletal","PCK1","ebi-a-GCST005186",0,NA,NA,NA,NA,FALSE,"cis eQTL p≥5e-6（未达预注册工具阈值）"
"Muscle_Skeletal","SLC5A1","ebi-a-GCST006867",0,NA,NA,NA,NA,FALSE,"cis eQTL p≥5e-6（未达预注册工具阈值）"
"Muscle_Skeletal","SLC5A1","ebi-a-GCST005194",0,NA,NA,NA,NA,FALSE,"cis eQTL p≥5e-6（未达预注册工具阈值）"
"Muscle_Skeletal","SLC5A1","ebi-a-GCST005186",0,NA,NA,NA,NA,FALSE,"cis eQTL p≥5e-6（未达预注册工具阈值）"
"Artery_Coronary","PCSK9","ebi-a-GCST006867",0,NA,NA,NA,NA,FALSE,"cis eQTL p≥5e-6（未达预注册工具阈值）"
"Artery_Coronary","PCSK9","ebi-a-GCST005194",0,NA,NA,NA,NA,FALSE,"cis eQTL p≥5e-6（未达预注册工具阈值）"
"Artery_Coronary","PCSK9","ebi-a-GCST005186",0,NA,NA,NA,NA,FALSE,"cis eQTL p≥5e-6（未达预注册工具阈值）"
"Artery_Coronary","HMGCR","ebi-a-GCST006867",0,NA,NA,NA,NA,FALSE,"cis eQTL p≥5e-6（未达预注册工具阈值）"
"Artery_Coronary","HMGCR","ebi-a-GCST005194",0,NA,NA,NA,NA,FALSE,"cis eQTL p≥5e-6（未达预注册工具阈值）"
"Artery_Coronary","HMGCR","ebi-a-GCST005186",0,NA,NA,NA,NA,FALSE,"cis eQTL p≥5e-6（未达预注册工具阈值）"
"Artery_Coronary","ANGPTL3","ebi-a-GCST006867",0,NA,NA,NA,NA,FALSE,"cis eQTL p≥5e-6（未达预注册工具阈值）"
"Artery_Coronary","ANGPTL3","ebi-a-GCST005194",0,NA,NA,NA,NA,FALSE,"cis eQTL p≥5e-6（未达预注册工具阈值）"
"Artery_Coronary","ANGPTL3","ebi-a-GCST005186",0,NA,NA,NA,NA,FALSE,"cis eQTL p≥5e-6（未达预注册工具阈值）"
"Artery_Coronary","APOC3","ebi-a-GCST006867",0,NA,NA,NA,NA,FALSE,"cis eQTL p≥5e-6（未达预注册工具阈值）"
"Artery_Coronary","APOC3","ebi-a-GCST005194",0,NA,NA,NA,NA,FALSE,"cis eQTL p≥5e-6（未达预注册工具阈值）"
"Artery_Coronary","APOC3","ebi-a-GCST005186",0,NA,NA,NA,NA,FALSE,"cis eQTL p≥5e-6（未达预注册工具阈值）"
"Artery_Coronary","APOB","ebi-a-GCST006867",0,NA,NA,NA,NA,FALSE,"cis eQTL p≥5e-6（未达预注册工具阈值）"
"Artery_Coronary","APOB","ebi-a-GCST005194",0,NA,NA,NA,NA,FALSE,"cis eQTL p≥5e-6（未达预注册工具阈值）"
"Artery_Coronary","APOB","ebi-a-GCST005186",0,NA,NA,NA,NA,FALSE,"cis eQTL p≥5e-6（未达预注册工具阈值）"
"Artery_Coronary","LDLR","ebi-a-GCST006867",0,NA,NA,NA,NA,FALSE,"cis eQTL p≥5e-6（未达预注册工具阈值）"
"Artery_Coronary","LDLR","ebi-a-GCST005194",0,NA,NA,NA,NA,FALSE,"cis eQTL p≥5e-6（未达预注册工具阈值）"
"Artery_Coronary","LDLR","ebi-a-GCST005186",0,NA,NA,NA,NA,FALSE,"cis eQTL p≥5e-6（未达预注册工具阈值）"
"Artery_Coronary","CETP","ebi-a-GCST006867",0,NA,NA,NA,NA,FALSE,"cis eQTL p≥5e-6（未达预注册工具阈值）"
"Artery_Coronary","CETP","ebi-a-GCST005194",0,NA,NA,NA,NA,FALSE,"cis eQTL p≥5e-6（未达预注册工具阈值）"
"Artery_Coronary","CETP","ebi-a-GCST005186",0,NA,NA,NA,NA,FALSE,"cis eQTL p≥5e-6（未达预注册工具阈值）"
"Artery_Coronary","NPC1L1","ebi-a-GCST006867",0,NA,NA,NA,NA,FALSE,"cis eQTL p≥5e-6（未达预注册工具阈值）"
"Artery_Coronary","NPC1L1","ebi-a-GCST005194",0,NA,NA,NA,NA,FALSE,"cis eQTL p≥5e-6（未达预注册工具阈值）"
"Artery_Coronary","NPC1L1","ebi-a-GCST005186",0,NA,NA,NA,NA,FALSE,"cis eQTL p≥5e-6（未达预注册工具阈值）"
"Artery_Coronary","GLP1R","ebi-a-GCST006867",0,NA,NA,NA,NA,FALSE,"cis eQTL p≥5e-6（未达预注册工具阈值）"
"Artery_Coronary","GLP1R","ebi-a-GCST005194",0,NA,NA,NA,NA,FALSE,"cis eQTL p≥5e-6（未达预注册工具阈值）"
"Artery_Coronary","GLP1R","ebi-a-GCST005186",0,NA,NA,NA,NA,FALSE,"cis eQTL p≥5e-6（未达预注册工具阈值）"
"Artery_Coronary","ABCC8","ebi-a-GCST006867",1,NA,NA,NA,NA,FALSE,"无结局匹配"
"Artery_Coronary","ABCC8","ebi-a-GCST005194",1,0.00623923266750477,0.00791544442892397,0.430559088090487,"Wald ratio",TRUE,"lead eQTL chr11_17476510_G_A_b38 (p=2.07e-23)"
"Artery_Coronary","ABCC8","ebi-a-GCST005186",1,NA,NA,NA,NA,FALSE,"无结局匹配"
"Artery_Coronary","KCNJ11","ebi-a-GCST006867",0,NA,NA,NA,NA,FALSE,"cis eQTL p≥5e-6（未达预注册工具阈值）"
"Artery_Coronary","KCNJ11","ebi-a-GCST005194",0,NA,NA,NA,NA,FALSE,"cis eQTL p≥5e-6（未达预注册工具阈值）"
"Artery_Coronary","KCNJ11","ebi-a-GCST005186",0,NA,NA,NA,NA,FALSE,"cis eQTL p≥5e-6（未达预注册工具阈值）"
"Artery_Coronary","TCF7L2","ebi-a-GCST006867",0,NA,NA,NA,NA,FALSE,"cis eQTL p≥5e-6（未达预注册工具阈值）"
"Artery_Coronary","TCF7L2","ebi-a-GCST005194",0,NA,NA,NA,NA,FALSE,"cis eQTL p≥5e-6（未达预注册工具阈值）"
"Artery_Coronary","TCF7L2","ebi-a-GCST005186",0,NA,NA,NA,NA,FALSE,"cis eQTL p≥5e-6（未达预注册工具阈值）"
"Artery_Coronary","INSR","ebi-a-GCST006867",0,NA,NA,NA,NA,FALSE,"cis eQTL p≥5e-6（未达预注册工具阈值）"
"Artery_Coronary","INSR","ebi-a-GCST005194",0,NA,NA,NA,NA,FALSE,"cis eQTL p≥5e-6（未达预注册工具阈值）"
"Artery_Coronary","INSR","ebi-a-GCST005186",0,NA,NA,NA,NA,FALSE,"cis eQTL p≥5e-6（未达预注册工具阈值）"
"Artery_Coronary","SLC5A2","ebi-a-GCST006867",0,NA,NA,NA,NA,FALSE,"cis eQTL p≥5e-6（未达预注册工具阈值）"
"Artery_Coronary","SLC5A2","ebi-a-GCST005194",0,NA,NA,NA,NA,FALSE,"cis eQTL p≥5e-6（未达预注册工具阈值）"
"Artery_Coronary","SLC5A2","ebi-a-GCST005186",0,NA,NA,NA,NA,FALSE,"cis eQTL p≥5e-6（未达预注册工具阈值）"
"Artery_Coronary","DPP4","ebi-a-GCST006867",0,NA,NA,NA,NA,FALSE,"cis eQTL p≥5e-6（未达预注册工具阈值）"
"Artery_Coronary","DPP4","ebi-a-GCST005194",0,NA,NA,NA,NA,FALSE,"cis eQTL p≥5e-6（未达预注册工具阈值）"
"Artery_Coronary","DPP4","ebi-a-GCST005186",0,NA,NA,NA,NA,FALSE,"cis eQTL p≥5e-6（未达预注册工具阈值）"
"Artery_Coronary","PPARG","ebi-a-GCST006867",0,NA,NA,NA,NA,FALSE,"cis eQTL p≥5e-6（未达预注册工具阈值）"
"Artery_Coronary","PPARG","ebi-a-GCST005194",0,NA,NA,NA,NA,FALSE,"cis eQTL p≥5e-6（未达预注册工具阈值）"
"Artery_Coronary","PPARG","ebi-a-GCST005186",0,NA,NA,NA,NA,FALSE,"cis eQTL p≥5e-6（未达预注册工具阈值）"
"Artery_Coronary","PCK1","ebi-a-GCST006867",0,NA,NA,NA,NA,FALSE,"cis eQTL p≥5e-6（未达预注册工具阈值）"
"Artery_Coronary","PCK1","ebi-a-GCST005194",0,NA,NA,NA,NA,FALSE,"cis eQTL p≥5e-6（未达预注册工具阈值）"
"Artery_Coronary","PCK1","ebi-a-GCST005186",0,NA,NA,NA,NA,FALSE,"cis eQTL p≥5e-6（未达预注册工具阈值）"
"Artery_Coronary","SLC5A1","ebi-a-GCST006867",0,NA,NA,NA,NA,FALSE,"cis eQTL p≥5e-6（未达预注册工具阈值）"
"Artery_Coronary","SLC5A1","ebi-a-GCST005194",0,NA,NA,NA,NA,FALSE,"cis eQTL p≥5e-6（未达预注册工具阈值）"
"Artery_Coronary","SLC5A1","ebi-a-GCST005186",0,NA,NA,NA,NA,FALSE,"cis eQTL p≥5e-6（未达预注册工具阈值）"
