gene,symbol,outcome,pp_h4,gtex_tissue,gtex_lead,gtex_rsid,gtex_lead_p,gtex_b,gtex_p,concordant,same_variant,note
ENSG00000054356,PTPRN,cad,0.944339625573639,Whole_Blood,chr2_219295355_T_C_b38,rs11887718,1.44467e-54,-0.0506892583352459,3.34443651251557e-05,TRUE,TRUE,eQTLGen top=rs11887718
ENSG00000056586,RC3H2,t2d,0.817415181215947,Artery_Coronary,chr9_123458591_T_C_b38,rs150520785,8.45818e-05,,,,,无结局匹配
ENSG00000064999,ANKS1A,t2d,0.8935332822457,Adipose_Subcutaneous,chr6_35041419_T_G_b38,rs3800426,6.70739e-09,-0.153205180037365,5.18988027296554e-06,TRUE,FALSE,eQTLGen top=rs6905468
ENSG00000073614,KDM5A,t2d,0.816740225694258,Whole_Blood,chr12_389569_C_CGGG_b38,rs372437080,3.08504e-45,,,,,无结局匹配
ENSG00000079393,DUSP13,cad,0.872879144250486,Muscle_Skeletal,chr10_75094205_TATGAGGAGGACAAG_T_b38,rs66581278,9.8545e-11,,,,,无结局匹配
ENSG00000085721,RRN3,t2d,0.923805536292926,Muscle_Skeletal,chr16_15094055_G_C_b38,rs11075256,9.92852e-47,0.0751772706891876,0.00113067814090444,TRUE,FALSE,eQTLGen top=rs2280018
ENSG00000090612,ZNF268,cad,0.867457634253687,Muscle_Skeletal,chr12_133197908_G_C_b38,rs368092483,2.18559e-21,-0.0142780143565434,0.504985075093846,FALSE,FALSE,eQTLGen top=rs62644541
ENSG00000100296,THOC5,cad,0.9227176976172,Adipose_Subcutaneous,chr22_29531715_T_C_b38,rs5763300,9.07079e-117,-0.0288414860504298,6.11458253767482e-06,TRUE,FALSE,eQTLGen top=rs11704049
ENSG00000104497,SNX16,cad,0.87381104158605,Adipose_Subcutaneous,chr8_81796584_A_G_b38,rs902110,5.00571e-127,0.0244606543874969,0.000358393588311681,TRUE,FALSE,eQTLGen top=rs12676438
ENSG00000105767,CADM4,cad,0.995684672419698,Whole_Blood,chr19_43648948_A_G_b38,rs4760,8.24024e-07,0.168585509157448,2.00478689359047e-06,TRUE,TRUE,eQTLGen top=rs4760
ENSG00000107779,BMPR1A,cad,0.909761693477387,Adipose_Subcutaneous,chr10_86918667_A_G_b38,rs6586042,1.39945e-42,-0.0410090411266004,0.00970386628923017,TRUE,FALSE,eQTLGen top=rs58477734
ENSG00000107798,LIPA,cad,0.998932758088505,Whole_Blood,chr10_89243170_C_T_b38,rs1412444,7.1889e-66,0.109728544536245,2.67845560351103e-21,TRUE,TRUE,eQTLGen top=rs1412444
ENSG00000108219,TSPAN14,cad,0.995904563349378,Whole_Blood,chr10_80491293_A_T_b38,rs7093808,1.64498e-13,0.315426243463456,2.17822960033307e-11,FALSE,FALSE,eQTLGen top=rs12260962
ENSG00000108262,GIT1,t2d,0.893666795884946,Whole_Blood,chr17_29577599_C_A_b38,rs2278217,5.79031e-25,0.138245761738931,0.000424458618419998,TRUE,FALSE,eQTLGen top=rs894606
ENSG00000108551,RASD1,cad,0.98599491492195,Artery_Coronary,chr17_17315722_G_A_b38,rs768327176,4.57589e-08,,,,,无结局匹配
ENSG00000109670,FBXW7,t2d,0.924611236013898,Whole_Blood,chr4_152370361_C_T_b38,rs11931711,3.05285e-08,-0.487092572837698,1.42990918226518e-07,TRUE,FALSE,eQTLGen top=rs9991574
ENSG00000109919,MTCH2,cad,0.902287924015749,Muscle_Skeletal,chr11_47628586_AT_A_b38,rs11336868,8.07045e-34,,,,,无结局匹配
ENSG00000111642,CHD4,t2d,0.963192794374054,Whole_Blood,chr12_6586419_C_A_b38,rs73264831,1.81439e-08,-0.419198055893074,3.4134585490552e-06,TRUE,FALSE,eQTLGen top=rs7969177
ENSG00000111879,FAM184A,t2d,0.900030148999246,Muscle_Skeletal,chr6_119095307_G_T_b38,rs6569038,7.39233e-55,,,,,无结局匹配
ENSG00000112282,MED23,t2d,0.982610204476408,Whole_Blood,chr6_131629658_A_G_b38,rs3843995,1.015e-19,-0.27731857495388,8.51046553173866e-06,TRUE,FALSE,eQTLGen top=rs2246012
ENSG00000118513,MYB,cad,0.812564047232375,Whole_Blood,chr6_135457206_C_T_b38,rs144586349,0.000161502,,,,,无结局匹配
ENSG00000118520,ARG1,t2d,0.998466865293651,Whole_Blood,chr6_131576138_C_T_b38,rs2781668,8.14536e-71,-0.134272280207067,9.64260673022826e-08,TRUE,FALSE,eQTLGen top=rs2246012
ENSG00000118620,ZNF430,cad,0.811586798031648,Whole_Blood,chr19_21595415_A_G_b38,rs12973203,1.19515e-19,-0.0455783897661322,0.127153443964741,TRUE,FALSE,eQTLGen top=rs35717293
ENSG00000119684,MLH3,cad,0.874624754952309,Whole_Blood,chr14_75182261_C_T_b38,rs12433944,3.81851e-11,0.142559383356929,5.73303143758385e-07,TRUE,FALSE,eQTLGen top=rs175065
ENSG00000119718,EIF2B2,cad,0.96092281304837,Adipose_Subcutaneous,chr14_75002852_A_G_b38,rs175040,1.28345e-53,0.0689054617065386,7.24175474102234e-10,TRUE,FALSE,eQTLGen top=rs175057
ENSG00000122557,HERPUD2,t2d,0.93119066276845,Whole_Blood,chr7_35657737_G_A_b38,rs10259992,1.69197e-20,-0.154605882143529,0.000174670604397647,TRUE,FALSE,eQTLGen top=rs2392376
ENSG00000130475,FCHO1,cad,0.953262705133287,Whole_Blood,chr19_17747551_G_A_b38,rs28403253,1.75005e-43,-0.147825729889541,3.72162894006174e-12,TRUE,FALSE,eQTLGen top=rs10402507
ENSG00000130856,ZNF236,t2d,0.935529413476269,Adipose_Subcutaneous,chr18_76823372_G_A_b38,rs9962905,1.57082e-17,-0.129701217529535,1.1974655242236e-05,TRUE,FALSE,eQTLGen top=rs62113105
ENSG00000132128,LRRC41,cad,0.909483076324573,Whole_Blood,chr1_46303192_G_C_b38,rs201408120,2.60369e-07,0.27003442859636,0.000145218306983469,FALSE,FALSE,eQTLGen top=rs147526786
ENSG00000132793,LPIN3,cad,0.95620440896145,Pancreas,chr20_41340873_C_A_b38,rs6029636,1.51382e-17,0.0834798540210694,0.000334117798078667,TRUE,FALSE,eQTLGen top=rs6129773
ENSG00000134802,SLC43A3,t2d,0.808063064750858,Pancreas,chr11_57434711_G_A_b38,rs2250887,5.71622e-07,-0.126536031580542,0.0014177576652813,TRUE,FALSE,eQTLGen top=rs6591424
ENSG00000135070,ISCA1,fbg,0.919356981115333,Whole_Blood,chr9_86258836_T_C_b38,rs6559922,1.39626e-08,-0.0968176774183939,4.85499477133777e-05,TRUE,FALSE,eQTLGen top=rs2147063
ENSG00000136715,SAP130,cad,0.82152618661109,Muscle_Skeletal,chr2_127980896_T_TCAACAACAA_b38,rs61511870,6.05133e-11,,,,,无结局匹配
ENSG00000138131,LOXL4,cad,0.944391116585441,Muscle_Skeletal,chr10_98138131_A_G_b38,rs61873744,4.93556e-14,0.0328873052142107,0.110216180887335,FALSE,FALSE,eQTLGen top=rs11189523
ENSG00000138160,KIF11,t2d,0.882591554243968,Pancreas,chr10_92021746_G_A_b38,rs143514527,3.50781e-06,,,,,无结局匹配
ENSG00000141452,C18orf8,t2d,0.988627669745569,Adipose_Subcutaneous,chr18_23505121_G_A_b38,rs7233671,7.88676e-31,-0.100052314935914,8.74252226297502e-05,TRUE,FALSE,eQTLGen top=rs1788799
ENSG00000142669,SH3BGRL3,t2d,0.991344131888493,Whole_Blood,chr1_26274192_CACTT_C_b38,rs72152976,2.09227e-11,,,,,无结局匹配
ENSG00000144749,LRIG1,t2d,0.922057550649883,Muscle_Skeletal,chr3_66416941_G_A_b38,rs6786813,1.13468e-10,-0.0503054605610026,0.247862996149615,TRUE,FALSE,eQTLGen top=rs17775391
ENSG00000145214,DGKQ,cad,0.818021237058054,Whole_Blood,chr4_973551_C_G_b38,rs113075206,2.10256e-185,,,,,harmonise 无保留
ENSG00000145375,SPATA5,t2d,0.915979967524608,Muscle_Skeletal,chr4_122965796_A_C_b38,rs72674985,1.45208e-13,-0.120897006215593,0.000134870173927089,TRUE,FALSE,eQTLGen top=rs11098676
ENSG00000145431,PDGFC,t2d,0.943693907632831,Adipose_Subcutaneous,chr4_156789548_A_G_b38,rs10018717,4.73985e-08,-0.231674711767624,5.12697441202547e-06,FALSE,FALSE,eQTLGen top=rs1425486
ENSG00000146830,GIGYF1,t2d,0.998349762147204,Adipose_Subcutaneous,chr7_100698285_A_G_b38,rs221781,1.39068e-32,-0.152838492745365,4.36419638037233e-05,TRUE,FALSE,eQTLGen top=rs506597
ENSG00000148572,NRBF2,t2d,0.811401104931589,Pancreas,chr10_63442625_C_T_b38,rs145696003,0.000100967,,,,,无结局匹配
ENSG00000149084,HSD17B12,t2d,0.800204188355584,Whole_Blood,chr11_43856384_C_A_b38,rs1061810,1.4902e-136,-0.0556339819501942,1.08250878154077e-05,TRUE,TRUE,eQTLGen top=rs1061810
ENSG00000150627,WDR17,cad,0.880246872223885,Adipose_Subcutaneous,chr4_176065833_G_A_b38,rs1825233,8.15699e-36,-0.0272686546814437,0.0163950718491923,TRUE,FALSE,eQTLGen top=rs72706320
ENSG00000151465,CDC123,cad,0.917774247428539,Whole_Blood,chr10_12250287_C_G_b38,rs12779647,6.42726e-09,,,,,无结局匹配
ENSG00000157045,NTAN1,t2d,0.814925986106974,Muscle_Skeletal,chr16_15094055_G_C_b38,rs11075256,5.83225e-26,-0.114267524761365,0.00113067814090444,FALSE,FALSE,eQTLGen top=rs2280018
ENSG00000160563,MED27,t2d,0.926102331834865,Whole_Blood,chr9_132011450_A_G_b38,rs7040224,2.22701e-23,,,,,无结局匹配
ENSG00000161277,THAP8,t2d,0.950912141070469,Muscle_Skeletal,chr19_36107337_T_C_b38,rs62111376,8.69388e-07,0.0449179545486447,0.62250184302538,FALSE,FALSE,eQTLGen top=rs12981654
ENSG00000161395,PGAP3,cad,0.890020029782919,Pancreas,chr17_39674194_T_A_b38,rs2934956,1.93702e-29,-0.0582601792835159,2.87265710389354e-05,FALSE,FALSE,eQTLGen top=rs2952152
ENSG00000163257,DCAF16,t2d,0.83892141295213,Adipose_Subcutaneous,chr4_17796711_G_A_b38,rs7679066,1.70604e-32,-0.0973988770482411,9.30456024618993e-05,TRUE,FALSE,eQTLGen top=rs7667864
ENSG00000163577,EIF5A2,t2d,0.824313108247966,Adipose_Subcutaneous,chr3_171004021_T_A_b38,rs61791073,5.8244e-05,-0.0825202968191599,0.258293064655504,FALSE,FALSE,eQTLGen top=rs8192675
ENSG00000163933,RFT1,t2d,0.987587386106579,Adipose_Subcutaneous,chr3_53077688_T_C_b38,rs1864367,5.92876e-48,-0.0842499020594889,4.1207980321429e-07,TRUE,FALSE,eQTLGen top=rs2336725
ENSG00000164535,DAGLB,cad,0.963521272162061,Adipose_Subcutaneous,chr7_6416460_C_T_b38,rs13235365,6.83182e-119,-0.0369012663795628,1.23742928553411e-07,TRUE,TRUE,eQTLGen top=rs13235365
ENSG00000165609,NUDT5,t2d,0.999653186092686,Muscle_Skeletal,chr10_12167400_C_G_b38,rs2280619,4.40606e-09,,,,,无结局匹配
ENSG00000169379,ARL13B,t2d,0.935442298629427,Liver,chr3_94347453_C_A_b38,rs12489618,0.000240625,,,,,无结局匹配
ENSG00000170145,SIK2,cad,0.856181632187796,Whole_Blood,chr11_111608989_T_C_b38,rs527078,2.12368e-15,0.157130657557643,1.18161695324957e-05,TRUE,FALSE,eQTLGen top=rs567859
ENSG00000180530,NRIP1,cad,0.998005335164654,Whole_Blood,chr21_15221432_C_T_b38,rs2823163,3.35051e-05,-0.382657942065588,8.45482701607357e-08,TRUE,FALSE,eQTLGen top=rs2823165
ENSG00000181264,TMEM136,cad,0.866319231849221,Adipose_Subcutaneous,chr11_120328371_G_A_b38,rs11823300,4.33441e-21,0.0893588249484403,5.77448184802313e-06,TRUE,FALSE,eQTLGen top=rs4938809
ENSG00000183049,CAMK1D,t2d,0.9996531860928,Whole_Blood,chr10_12267140_C_G_b38,rs11257657,5.11704e-27,-0.222138463635853,1.18017760115013e-10,FALSE,FALSE,eQTLGen top=rs11257655
ENSG00000186130,ZBTB6,t2d,0.913584973669545,Muscle_Skeletal,chr9_122371877_C_T_b38,rs77329588,9.98397e-05,,,,,无结局匹配
ENSG00000187486,KCNJ11,t2d,0.896540971188041,Pancreas,chr11_17414389_G_A_b38,rs4148631,4.86162e-13,0.0661324748941531,0.0378086594703814,TRUE,FALSE,eQTLGen top=rs757110
ENSG00000187942,LDLRAD2,cad,0.823262921141715,Adipose_Subcutaneous,chr1_21856983_A_G_b38,rs200354565,1.37385e-10,,,,,无结局匹配
ENSG00000188277,C15orf62,cad,0.809719023774493,Adipose_Subcutaneous,chr15_40060942_T_A_b38,rs113481030,0.000324188,,,,,无结局匹配
ENSG00000196072,BLOC1S2,t2d,0.973617613057999,Adipose_Subcutaneous,chr10_100186276_G_A_b38,rs28372851,1.89397e-36,-0.00627350783190421,0.802587348634153,TRUE,FALSE,eQTLGen top=rs17882802
ENSG00000196378,ZNF34,t2d,0.837476902458287,Adipose_Subcutaneous,chr8_144795986_ATTC_A_b38,rs72514347,6.62818e-33,,,,,无结局匹配
ENSG00000196821,C6orf106,cad,0.894115644262981,Pancreas,chr6_34667176_A_G_b38,rs2744948,1.34299e-34,0.0363715627605889,2.43665658945128e-05,TRUE,FALSE,eQTLGen top=rs3800461
ENSG00000197702,PARVA,t2d,0.89410643966769,Adipose_Subcutaneous,chr11_12530297_C_T_b38,rs7644,5.41649e-06,0.0503012944884153,0.550132909714819,FALSE,FALSE,eQTLGen top=rs4757405
ENSG00000198353,HOXC4,cad,0.934922048754275,Adipose_Subcutaneous,chr12_54017457_G_GTAGCTGGA_b38,rs112226681,7.88077e-08,,,,,无结局匹配
ENSG00000198492,YTHDF2,t2d,0.910657101380508,Whole_Blood,chr1_28661917_C_T_b38,rs12032477,9.3669e-06,,,,,无结局匹配
ENSG00000203288,RP11-98D18.9,cad,0.883182269117576,,,,,,,,,GTEx 无显著 cis-eQTL
ENSG00000205238,SPDYE2,t2d,0.963073941110323,Muscle_Skeletal,chr7_102837134_G_C_b38,rs10487281,2.35038e-11,-0.108407761010163,1.3219753822138e-05,FALSE,FALSE,eQTLGen top=rs7781557
ENSG00000212541,U6,cad,0.988896566819144,,,,,,,,,GTEx 无显著 cis-eQTL
ENSG00000213277,RP11-332O19.3,cad,0.916142214868887,,,,,,,,,GTEx 无显著 cis-eQTL
ENSG00000213390,ARHGAP19,t2d,0.839294639172335,Whole_Blood,chr10_97248816_T_TTTTG_b38,rs112710177,2.48809e-28,,,,,无结局匹配
ENSG00000214413,BBIP1,t2d,0.853468938885073,Adipose_Subcutaneous,chr10_110901247_C_T_b38,rs141417375,4.18933e-12,,,,,无结局匹配
ENSG00000215251,FASTKD5,cad,0.903698834280561,Muscle_Skeletal,chr20_3111005_T_C_b38,rs7268061,3.67012e-06,-0.0306457352999328,0.698386084925716,FALSE,FALSE,eQTLGen top=rs860735
ENSG00000226920,RP5-1068B5.3,t2d,0.852114495602402,,,,,,,,,GTEx 无显著 cis-eQTL
ENSG00000229666,MAST4-AS1,t2d,0.97675195075488,Muscle_Skeletal,chr5_67004191_GGCTGGGGTCGC_G_b38,rs141216935,1.6763e-78,,,,,无结局匹配
ENSG00000230069,LRRC37A15P,t2d,0.980973397057212,Adipose_Subcutaneous,chr4_102753951_G_C_b38,rs223492,2.25043e-38,-0.0703664753786625,3.67028314339749e-08,FALSE,FALSE,eQTLGen top=rs223490
ENSG00000230224,PHBP9,t2d,0.972888870400323,Adipose_Subcutaneous,chr10_100201209_C_T_b38,rs3818411,3.81807e-13,-0.158717635756949,1.16190883796245e-05,TRUE,FALSE,eQTLGen top=rs11591741
ENSG00000230925,RP11-176F3.7,t2d,0.924871926954197,,,,,,,,,GTEx 无显著 cis-eQTL
ENSG00000235513,RP4-756G23.5,t2d,0.936513688220717,Pancreas,chr22_41211734_A_AT_b38,rs200967632,1.29179e-08,,,,,无结局匹配
ENSG00000237429,RP1-159A19.4,cad,0.930423615803356,Muscle_Skeletal,chr1_27555761_C_T_b38,rs72884695,0.00144365,-0.233618813584789,9.77831503069952e-06,TRUE,FALSE,eQTLGen top=rs17361686
ENSG00000242142,SERBP1P3,t2d,0.979895214083185,Pancreas,chr3_53077688_T_C_b38,rs1864367,2.47964e-41,0.0484428646688022,4.1207980321429e-07,TRUE,FALSE,eQTLGen top=rs4687701
ENSG00000242288,RP11-464F9.1,t2d,0.940514018726893,,,,,,,,,GTEx 无显著 cis-eQTL
ENSG00000245556,CTD-2037K23.2,cad,0.811992511905522,,,,,,,,,GTEx 无显著 cis-eQTL
ENSG00000246889,AP000487.5,cad,0.933704061858495,Liver,chr11_70334487_A_T_b38,rs3781649,6.89403e-07,0.042376969630469,0.0013742758758317,FALSE,FALSE,eQTLGen top=rs34053053
ENSG00000248677,CTD-2044J15.1,cad,0.861921688363935,,,,,,,,,GTEx 无显著 cis-eQTL
ENSG00000248971,KRT8P46,t2d,0.980973396431229,Adipose_Subcutaneous,chr4_102753951_G_C_b38,rs223492,3.16081e-22,-0.0899024057254259,3.67028314339751e-08,FALSE,FALSE,eQTLGen top=rs223490
ENSG00000251288,RP11-10L12.2,t2d,0.9809732435352,Whole_Blood,chr4_102757960_G_T_b38,rs223490,1.01158e-07,0.183088449340422,3.60791513623836e-09,TRUE,TRUE,eQTLGen top=rs223490
ENSG00000251582,RP11-464F9.9,t2d,0.904653118179906,,,,,,,,,GTEx 无显著 cis-eQTL
ENSG00000253878,RP11-347C18.3,t2d,0.932041698504472,Whole_Blood,chr8_94957029_G_A_b38,rs4582532,8.4267e-08,0.141771189661726,2.34089773004322e-06,TRUE,FALSE,eQTLGen top=rs726816
ENSG00000253981,ALG1L13P,t2d,0.816051995860348,Adipose_Subcutaneous,chr8_8232171_G_C_b38,rs2980484,9.81766e-15,,,,,无结局匹配
ENSG00000256269,HMBS,cad,0.886141680923424,Muscle_Skeletal,chr11_119082492_C_T_b38,rs7127212,3.39487e-48,0.0899247629483332,3.23709707361158e-06,TRUE,FALSE,eQTLGen top=rs4614
ENSG00000260233,RP11-856B14.1,t2d,0.976614268576567,,,,,,,,,GTEx 无显著 cis-eQTL
ENSG00000260252,RP11-384M15.3,cad,0.852429632814496,Liver,chr16_72321573_G_A_b38,rs118118333,5.49652e-05,-0.0137632539229801,0.289493474944075,FALSE,FALSE,eQTLGen top=rs1050362
ENSG00000263883,RP11-51F16.5,t2d,0.803923856428146,,,,,,,,,GTEx 无显著 cis-eQTL
ENSG00000264386,MIR4513,cad,0.805877031808448,,,,,,,,,GTEx 无显著 cis-eQTL
ENSG00000264508,Metazoa_SRP,cad,0.922589447019508,Whole_Blood,chr19_6874558_C_G_b38,rs72984350,1.57208e-21,0.0340945067255473,0.0540288121346603,FALSE,FALSE,eQTLGen top=rs11204675
ENSG00000264584,Metazoa_SRP,cad,0.92137482738309,Whole_Blood,chr19_6874558_C_G_b38,rs72984350,1.57208e-21,0.0340945067255473,0.0540288121346603,FALSE,FALSE,eQTLGen top=rs10888385
ENSG00000266173,STRADA,t2d,0.846610825514875,Adipose_Subcutaneous,chr17_63877111_G_A_b38,rs2008018,4.6188e-12,-0.0745134124142346,0.0726249107795155,TRUE,FALSE,eQTLGen top=rs11079508
ENSG00000267342,RP11-552F3.10,cad,0.866556006808261,Adipose_Subcutaneous,chr17_75900952_A_AC_b38,rs111405920,3.70684e-10,,,,,无结局匹配
ENSG00000267698,AC002116.7,t2d,0.850176089156289,Muscle_Skeletal,chr19_36858945_G_A_b38,rs74989579,0.000106037,,,,,无结局匹配
ENSG00000268471,DKFZP434I0714,t2d,0.846089643863427,Artery_Coronary,chr4_153237455_C_T_b38,rs148187930,1.89816e-05,,,,,无结局匹配
ENSG00000268649,hsa-mir-296,fbg,0.94665233324918,,,,,,,,,GTEx 无显著 cis-eQTL
