symbol,outcome,islet_lead,islet_slope,islet_p,mr_b,mr_p,concordant,note,eqtlgen_b
LRIG1,t2d,rs41357846,-0.226382,3.1521e-08,,,,无结局匹配,
C18orf8,t2d,rs891389,-0.207243,4.20246e-11,0.181429529586042,4.53192171514338e-06,FALSE,"",-0.179562898229089
DGKQ,cad,rs4690229,0.123459,1.08487e-12,,,,harmonise 无保留,
DCAF16,t2d,rs12640250,-0.184558,4.61305e-08,0.181514754169421,0.000117840974263115,FALSE,"",-0.317303900174054
BLOC1S2,t2d,rs35670156,-0.358288,2.16132e-13,0.0145134640289376,0.773888121631928,FALSE,"",-0.656705814190135
KCNJ11,t2d,rs2283253,-0.0951293,3.44542e-06,-0.0136656109106238,0.870912128275923,FALSE,"",0.595181300858269
SNX16,cad,rs62512879,-0.434148,1.51677e-50,-0.0541290066981767,5.08415888049326e-05,FALSE,"",0.0420673529026285
EIF2B2,cad,rs2012627,0.140423,9.2334e-09,-0.219337288051103,6.53497582788129e-08,FALSE,"",0.0547354771637968
MLH3,cad,rs175438,-0.183047,8.11694e-17,-0.183559413702492,1.97317529007541e-09,FALSE,"",0.0885863507119136
HMBS,cad,rs7127212,0.196761,7.25532e-17,-0.137222315397868,3.23709707361159e-06,FALSE,"",0.101337426547034
HSD17B12,t2d,rs57635800,-0.607727,1.08636e-55,0.0628571710652974,8.91843892398241e-06,FALSE,"",-0.0800829546245988
LPIN3,cad,rs4812497,0.15925,1.90427e-08,-0.144427001569859,0.000207523489393861,FALSE,"",0.89672651546477
WDR17,cad,rs60492066,0.150416,9.57102e-09,0.0691415806829061,0.126162397742482,FALSE,"",-0.357936447577608
ZNF34,t2d,rs11784860,0.263376,2.48794e-13,-0.141242937853107,1.84930716505761e-06,FALSE,"",0.224923137663057
PGAP3,cad,rs2941506,-0.346734,5.98555e-27,-0.0513361827798831,0.000979686320272268,FALSE,"",0.0877058938783697
