probeID	ProbeChr	Gene	Probe_bp	topSNP	topSNP_chr	topSNP_bp	A1	A2	Freq	b_GWAS	se_GWAS	p_GWAS	b_eQTL	se_eQTL	p_eQTL	b_SMR	se_SMR	p_SMR	p_HEIDI	nsnp_HEIDI	 outcome
PCSK9	1	PCSK9	55505210	rs287227	1	55656075	T	G	0.166998	0.0032	0.0112	7.750010e-01	-0.177	0.0129369	1.305005e-42	-0.0180791	0.0632906	7.751447e-01	5.124941e-01	15	t2d
ANGPTL3	1	ANGPTL3	63062354	rs10889352	1	63099023	C	T	0.301193	0.0003	0.0076	9.694000e-01	-0.2189	0.0085069	5.120892e-146	-0.00137049	0.0347191	9.685128e-01	5.437477e-01	19	t2d
APOC3	11	APOC3	116700582	rs964184	11	116648917	C	G	0.837972	-0.029	0.0113	1.020000e-02	-0.2105	0.0123348	2.675974e-65	0.137767	0.0542853	1.115404e-02	4.224519e-01	20	t2d
INSR	19	INSR	7293904	rs4804368	19	7190290	G	A	0.652087	0.0008	0.0081	9.246000e-01	0.0715	0.00885787	6.919999e-16	0.0111888	0.113295	9.213304e-01	1.398962e-02	20	t2d
PCK1	20	PCK1	56136050	rs2070756	20	56139403	C	T	0.742545	0.0099	0.0089	2.680000e-01	0.0472	0.00895722	1.367997e-07	0.209746	0.192715	2.764298e-01	2.849385e-01	16	t2d
probeID	ProbeChr	Gene	Probe_bp	topSNP	topSNP_chr	topSNP_bp	A1	A2	Freq	b_GWAS	se_GWAS	p_GWAS	b_eQTL	se_eQTL	p_eQTL	b_SMR	se_SMR	p_SMR	p_HEIDI	nsnp_HEIDI	 outcome
PCSK9	1	PCSK9	55505210	rs11591147	1	55505647	T	G	0.0208748	-0.2406	0.0247	1.854810e-22	-0.8924	0.0387885	3.985012e-117	0.26961	0.0300568	2.964404e-19	1.282314e-04	9	cad
ANGPTL3	1	ANGPTL3	63062354	rs10889352	1	63099023	C	T	0.301193	0.0024	0.0054	6.557000e-01	-0.2189	0.0085069	5.120892e-146	-0.0109639	0.0246725	6.567692e-01	4.462358e-01	20	cad
APOC3	11	APOC3	116700582	rs964184	11	116648917	C	G	0.837972	-0.0561	0.0079	1.151070e-12	-0.2105	0.0123348	2.675974e-65	0.266508	0.0406492	5.516052e-11	2.655943e-02	20	cad
INSR	19	INSR	7293904	rs4804368	19	7190290	G	A	0.652087	-0.0052	0.0058	3.648000e-01	0.0715	0.00885787	6.919999e-16	-0.0727273	0.0816177	3.728905e-01	4.180048e-01	20	cad
PCK1	20	PCK1	56136050	rs2070756	20	56139403	C	T	0.742545	0.0001	0.0065	9.918000e-01	0.0472	0.00895722	1.367997e-07	0.00211864	0.137712	9.877254e-01	4.491703e-01	17	cad
probeID	ProbeChr	Gene	Probe_bp	topSNP	topSNP_chr	topSNP_bp	A1	A2	Freq	b_GWAS	se_GWAS	p_GWAS	b_eQTL	se_eQTL	p_eQTL	b_SMR	se_SMR	p_SMR	p_HEIDI	nsnp_HEIDI	 outcome
PCSK9	1	PCSK9	55505210	rs693668	1	55521109	A	G	0.625249	-0.0057	0.011	5.911000e-01	0.1564	0.0086322	2.289049e-73	-0.036445	0.0703612	6.044792e-01	6.210230e-01	20	fbg
ANGPTL3	1	ANGPTL3	63062354	rs10889352	1	63099023	C	T	0.301193	-0.0004	0.0033	9.125000e-01	-0.2189	0.0085069	5.120892e-146	0.00182732	0.0150755	9.035241e-01	6.851066e-01	20	fbg
APOC3	11	APOC3	116700582	rs964184	11	116648917	C	G	0.837972	-0.012	0.0044	5.484030e-03	-0.2105	0.0123348	2.675974e-65	0.0570071	0.0211679	7.079119e-03	9.154616e-01	20	fbg
INSR	19	INSR	7293904	rs4804368	19	7190290	G	A	0.652087	0.0095	0.01	3.521000e-01	0.0715	0.00885787	6.919999e-16	0.132867	0.140825	3.454313e-01	4.201488e-01	20	fbg
PCK1	20	PCK1	56136050	rs2070756	20	56139403	C	T	0.742545	0.0033	0.0035	3.491000e-01	0.0472	0.00895722	1.367997e-07	0.0699153	0.0753302	3.533467e-01	8.148832e-02	12	fbg
