gene,outcome,outcome_short,nsnp,primary_method,b,se,pval,F_stat,sig_fe,sig_mre,sig_wm,sig_egger_slope,MRE_FE_SE_ratio
PCSK9,ebi-a-GCST005194,CAD,14,IVW-(multiplicative random effects),0.189688850233432,0.0275266281498668,5.536114552756809e-12,47.487310775617445,True,True,True,True,0.6518122469758623
INSR,ebi-a-GCST005186,FBG,2,IVW-(fixed effects),0.124682218044706,0.0497023588189842,0.0121218380894486,6.2929609740234795,True,True,False,False,15.972160117830157
APOC3,ebi-a-GCST006867,T2D,3,IVW-(fixed effects),0.116394674429499,0.0501698794976031,0.0203402799941035,5.382451236782321,True,False,False,False,0.6439613665768057
APOC3,ebi-a-GCST005194,CAD,10,IVW-(multiplicative random effects),0.151138570363701,0.0684062966915787,0.0271451056260348,4.881558074574465,True,True,True,False,0.37834803971615644
APOC3,ebi-a-GCST005186,FBG,3,IVW-(fixed effects),0.0443380096656905,0.023040479078087,0.0543103806335998,3.7031335716547904,False,True,False,False,7.379499074682779
PCK1,ebi-a-GCST006867,T2D,1,Wald ratio,0.209745762711864,0.188559322033898,0.265983588922348,1.2373437697260439,False,False,False,False,
PCK1,ebi-a-GCST005186,FBG,1,Wald ratio,0.0699152542372881,0.0741525423728814,0.345753978677278,0.888979591836733,False,False,False,False,
INSR,ebi-a-GCST006867,T2D,2,IVW-(fixed effects),0.0781849329011676,0.0834831082308253,0.348997306855266,0.8770996041583529,False,False,False,False,1.1430467227145145
INSR,ebi-a-GCST005194,CAD,2,IVW-(fixed effects),-0.0502054144510189,0.0594810791644689,0.398637618375754,0.7124320266773765,False,True,False,False,2.449034755665454
ANGPTL3,ebi-a-GCST005194,CAD,19,IVW-(multiplicative random effects),-0.010491217164168,0.0139380467387174,0.451628080356502,0.5665626237998312,False,False,False,False,0.9638681469689028
ANGPTL3,ebi-a-GCST005186,FBG,12,IVW-(multiplicative random effects),-0.003713446360949,0.0067882876941214,0.584353127980547,0.29924977360575905,False,False,False,False,1.480515039574922
PCSK9,ebi-a-GCST005186,FBG,5,IVW-(multiplicative random effects),-0.0072709509483695,0.0192023172477568,0.704948037938034,0.14337556704105386,False,False,False,False,1.2721509441232093
PCSK9,ebi-a-GCST006867,T2D,3,IVW-(fixed effects),0.013332844720416,0.0754971885129734,0.859822165101588,0.031187752882866175,False,False,False,False,1.352356875558849
ANGPTL3,ebi-a-GCST006867,T2D,9,IVW-(multiplicative random effects),0.0028253111239537,0.0232160682517796,0.903139491873802,0.014810005339344002,False,False,False,False,1.0227183607926407
PCK1,ebi-a-GCST005194,CAD,1,Wald ratio,0.0021186440677966,0.13771186440678,0.987725337120244,0.00023668639053254104,False,False,False,False,
