"pair","hit1","hit2","PP.H0","PP.H1","PP.H2","PP.H3","PP.H4"
"APOC3×FBG(争议)","rs4938303","rs7123583",0,2.6232131188875e-55,0,1,9.00604168617321e-36
"APOC3×FBG(争议)","rs12285095","rs7123583",0,2.62321311906882e-55,0,1,8.61652151511765e-57
"APOC3×FBG(争议)","rs2160669","rs7123583",0,2.62321311906882e-55,0,1,1.32176785953453e-58
"APOC3×FBG(争议)","rs964184","rs7123583",0,2.62321311845806e-55,0,1,1.21814671957906e-58
"APOC3×FBG(争议)","rs11216109","rs7123583",0,2.6232131188875e-55,0,1,6.97100914788156e-49
"APOC3×FBG(争议)","rs4938303","rs180327",0,1.18769055167147e-108,0,1,2.15650155874228e-104
"APOC3×FBG(争议)","rs12285095","rs180327",0,1.18769055178381e-108,0,1,1.3528689141764e-94
"APOC3×FBG(争议)","rs2160669","rs180327",0,1.18769055178381e-108,0,1,7.18768003647956e-112
"APOC3×FBG(争议)","rs964184","rs180327",0,1.18769055136902e-108,0,1,7.77436062558488e-97
"APOC3×FBG(争议)","rs11216109","rs180327",0,1.18769055167147e-108,0,1,9.06176010507927e-110
"APOC3×FBG(争议)","rs4938303","rs1263055",0,0,0,1,0
"APOC3×FBG(争议)","rs12285095","rs1263055",0,0,0,1,0
"APOC3×FBG(争议)","rs2160669","rs1263055",0,0,0,1,0
"APOC3×FBG(争议)","rs964184","rs1263055",0,0,0,1,0
"APOC3×FBG(争议)","rs11216109","rs1263055",0,0,0,1,0
"APOC3×FBG(争议)","rs4938303","rs886022",0,0,0,1,0
"APOC3×FBG(争议)","rs12285095","rs886022",0,0,0,1,0
"APOC3×FBG(争议)","rs2160669","rs886022",0,0,0,1,0
"APOC3×FBG(争议)","rs964184","rs886022",0,0,0,1,0
"APOC3×FBG(争议)","rs11216109","rs886022",0,0,0,1,0
"APOC3×FBG(争议)","rs4938303","rs918143",0,3.29970423035014e-167,0,1,7.8809044948813e-128
"APOC3×FBG(争议)","rs12285095","rs918143",0,3.29970423055421e-167,0,1,1.25090968258441e-156
"APOC3×FBG(争议)","rs2160669","rs918143",0,3.29970423055421e-167,0,1,1.98195395446099e-120
"APOC3×FBG(争议)","rs964184","rs918143",0,3.29970422978594e-167,0,1,1.4134867572474e-117
"APOC3×FBG(争议)","rs11216109","rs918143",0,3.29970423035014e-167,0,1,2.87417854244911e-115
"APOC3×T2D(争议)","rs964184","rs664922",0,0,3.40638286571527e-188,1,4.13597401624515e-176
"APOC3×T2D(争议)","rs11216103","rs664922",0,0,3.71541505119491e-121,1,1.12218931718694e-123
"APOC3×T2D(争议)","rs664059","rs664922",0,0,5.27157651383717e-248,1,2.51626228038331e-243
"APOC3×T2D(争议)","rs10750097","rs664922",0,0,3.3043731841897e-142,1,9.36912208386216e-125
"APOC3×T2D(争议)","rs618354","rs664922",0,0,3.22516293571996e-67,1,3.96729076873064e-70
"APOC3×T2D(争议)","rs964184","rs634960",0,0,3.40638286571527e-188,1,2.57965139851382e-191
"APOC3×T2D(争议)","rs11216103","rs634960",0,0,3.71541505119491e-121,1,1.85246198743768e-118
"APOC3×T2D(争议)","rs664059","rs634960",0,0,5.27157651383717e-248,1,8.8661969634431e-212
"APOC3×T2D(争议)","rs10750097","rs634960",0,0,3.3043731841897e-142,1,2.06476463396018e-144
"APOC3×T2D(争议)","rs618354","rs634960",0,0,3.22516293571996e-67,1,5.35015092961394e-62
"APOC3×T2D(争议)","rs964184","rs11216103",2.1159007523853e-209,6.21157643105748e-22,3.40638286571817e-188,1,2.91840321351932e-25
"APOC3×T2D(争议)","rs11216103","rs11216103",4.61571691272903e-145,1.24231528621146e-24,7.43083010240483e-124,0,1
"APOC3×T2D(争议)","rs664059","rs11216103",3.27448004279713e-269,6.21157643105819e-22,5.27157651385395e-248,1,2.63031600625606e-23
"APOC3×T2D(争议)","rs10750097","rs11216103",2.05253665904023e-163,6.21157643105713e-22,3.30437318420116e-142,1,3.30992426951139e-25
"APOC3×T2D(争议)","rs618354","rs11216103",2.00333460778787e-88,6.21157643105766e-22,3.22516293572647e-67,1,3.89089456963112e-21
"PCSK9×CAD(校准)","rs11587071","rs72660548",0,1.72396484071536e-111,0,1,3.06059525352327e-111
"PCSK9×CAD(校准)","rs472495","rs72660548",0,1.72396484071497e-111,0,1,9.07501399166142e-114
"PCSK9×CAD(校准)","rs2495477","rs72660548",0,1.72396484071654e-111,0,1,2.28652717853903e-94
"PCSK9×CAD(校准)","rs494198","rs72660548",0,1.72396484071654e-111,0,1,6.22553271484713e-114
"PCSK9×CAD(校准)","rs2479413","rs72660548",0,1.72396484071575e-111,0,1,9.85274981255515e-110
"PCSK9×CAD(校准)","rs11587071","rs11206513",0,0,0,1,0
"PCSK9×CAD(校准)","rs472495","rs11206513",0,0,0,1,0
"PCSK9×CAD(校准)","rs2495477","rs11206513",0,0,0,1,0
"PCSK9×CAD(校准)","rs494198","rs11206513",0,0,0,1,0
"PCSK9×CAD(校准)","rs2479413","rs11206513",0,0,0,1,0
"PCSK9×CAD(校准)","rs11587071","rs644000",0,0,0,1,0
"PCSK9×CAD(校准)","rs472495","rs644000",0,0,0,1,0
"PCSK9×CAD(校准)","rs2495477","rs644000",0,0,0,1,0
"PCSK9×CAD(校准)","rs494198","rs644000",0,0,0,1,0
"PCSK9×CAD(校准)","rs2479413","rs644000",0,0,0,1,0
"PCSK9×CAD(校准)","rs11587071","rs2479409",0,0,0,1,0
"PCSK9×CAD(校准)","rs472495","rs2479409",0,0,0,1,0
"PCSK9×CAD(校准)","rs2495477","rs2479409",0,0,0,1,0
"PCSK9×CAD(校准)","rs494198","rs2479409",0,0,0,1,0
"PCSK9×CAD(校准)","rs2479413","rs2479409",0,0,0,1,0
"PCSK9×CAD(校准)","rs11587071","rs17111503",0,0,0,1,0
"PCSK9×CAD(校准)","rs472495","rs17111503",0,0,0,1,0
"PCSK9×CAD(校准)","rs2495477","rs17111503",0,0,0,1,0
"PCSK9×CAD(校准)","rs494198","rs17111503",0,0,0,1,0
"PCSK9×CAD(校准)","rs2479413","rs17111503",0,0,0,1,0
