"gene","outcome","rsid","ukbpp_b","ukbpp_p","nsnp","decode_b","decode_p","note"
"PCSK9","t2d","rs4463718",1499.56166658977,0.782090532523617,1,0.013332844720416,0.811239761875511,"方向一致=TRUE"
"PCSK9","cad","rs4463718",2307.01794859964,0.544474508963011,1,0.189688850233432,5.53611455275681e-12,"方向一致=TRUE"
"PCSK9","fbg","rs4463718",NA,NA,0,-0.00727095094836959,0.704948037938034,"outcome 提取/调和失败"
"INSR","t2d","rs112959873",NA,NA,0,0.0781849329011676,0.284392347667525,"outcome 提取/调和失败"
"INSR","cad","rs112959873",-1329.67162225052,0.606656804786136,1,-0.0502054144510189,0.0387224099838234,"方向一致=TRUE"
"INSR","fbg","rs112959873",-4091.29729923237,0.0153403612414819,1,0.124682218044706,0,"方向一致=FALSE"
"ANGPTL3","t2d","rs17123721",NA,NA,0,0.0028253111239537,0.903139491873802,"outcome 提取/调和失败"
"ANGPTL3","cad","rs17123721",NA,NA,0,-0.010491217164168,0.451628080356502,"outcome 提取/调和失败"
"ANGPTL3","fbg","rs17123721",NA,NA,0,-0.00371344636094907,0.584353127980547,"outcome 提取/调和失败"
"LDLR","t2d",NA,NA,NA,0,NA,NA,"UKB-PPP top (19:11846880:C:G:imp:v1) 无 deCODE rsID 匹配"
"LDLR","cad",NA,NA,NA,0,NA,NA,"UKB-PPP top (19:11846880:C:G:imp:v1) 无 deCODE rsID 匹配"
"LDLR","fbg",NA,NA,NA,0,NA,NA,"UKB-PPP top (19:11846880:C:G:imp:v1) 无 deCODE rsID 匹配"
"APOB","t2d",NA,NA,NA,0,NA,NA,"UKB-PPP top (2:22252623:C:T:imp:v1) 无 deCODE rsID 匹配"
"APOB","cad",NA,NA,NA,0,NA,NA,"UKB-PPP top (2:22252623:C:T:imp:v1) 无 deCODE rsID 匹配"
"APOB","fbg",NA,NA,NA,0,NA,NA,"UKB-PPP top (2:22252623:C:T:imp:v1) 无 deCODE rsID 匹配"
"DPP4","t2d","rs77071490",NA,NA,0,NA,NA,"outcome 提取/调和失败"
"DPP4","cad","rs77071490",NA,NA,0,NA,NA,"outcome 提取/调和失败"
"DPP4","fbg","rs77071490",NA,NA,0,NA,NA,"outcome 提取/调和失败"
"GLP1R","t2d",NA,NA,NA,0,NA,NA,"UKB-PPP top (6:38821801:C:T:imp:v1) 无 deCODE rsID 匹配"
"GLP1R","cad",NA,NA,NA,0,NA,NA,"UKB-PPP top (6:38821801:C:T:imp:v1) 无 deCODE rsID 匹配"
"GLP1R","fbg",NA,NA,NA,0,NA,NA,"UKB-PPP top (6:38821801:C:T:imp:v1) 无 deCODE rsID 匹配"
"GCG","t2d","rs112016542",NA,NA,0,NA,NA,"outcome 提取/调和失败"
"GCG","cad","rs112016542",1930.12931866435,0.818685586453015,1,NA,NA,"方向一致=NA"
"GCG","fbg","rs112016542",NA,NA,0,NA,NA,"outcome 提取/调和失败"
