gene_symbol,ensg,outcome,PP.H4,p_HEIDI,biotype_ok,TDL,n_known_drugs,max_clinical_phase,drug_names,known_disease_assoc
SH3BGRL3,ENSG00000142669,t2d,0.991,7.30e-02,1,Tdark(est),0,0,,type 2 diabetes mellitus (0.204)
YTHDF2,ENSG00000198492,t2d,0.911,2.66e-01,1,Tchem(est),0,0,,type 2 diabetes mellitus (0.210)
SERBP1P3,ENSG00000242142,t2d,0.980,6.33e-02,0,,0,0,,myocardial infarction (0.004)
LRIG1,ENSG00000144749,t2d,0.922,3.94e-01,1,Tdark(est),0,0,,type 2 diabetes mellitus (0.276)
ARL13B,ENSG00000169379,t2d,0.935,8.89e-01,1,Tdark(est),0,0,,type 2 diabetes mellitus (0.074)
DCAF16,ENSG00000163257,t2d,0.839,9.55e-01,1,Tchem(est),0,0,,none_matched
LRRC37A15P,ENSG00000230069,t2d,0.981,1.93e-01,0,,0,0,,none_matched
RP11-10L12.2,ENSG00000251288,t2d,0.981,2.11e-01,0,,0,0,,none_matched
KRT8P46,ENSG00000248971,t2d,0.981,3.15e-01,0,,0,0,,none_matched
SPATA5,ENSG00000145375,t2d,0.916,2.93e-01,1,Tdark(est),0,0,,type 2 diabetes mellitus (0.262)
PDGFC,ENSG00000145431,t2d,0.944,4.94e-01,1,Tdark(est),0,0,,type 2 diabetes mellitus (0.395)
MAST4-AS1,ENSG00000229666,t2d,0.977,8.64e-01,0,,0,0,,none_matched
FAM184A,ENSG00000111879,t2d,0.900,7.20e-01,1,Tdark(est),0,0,,none_matched
MED23,ENSG00000112282,t2d,0.983,7.77e-01,1,Tchem(est),0,0,,type 2 diabetes mellitus (0.464)
ARG1,ENSG00000118520,t2d,0.998,9.70e-01,1,Tchem(est),0,0,,type 2 diabetes mellitus (0.444)
HERPUD2,ENSG00000122557,t2d,0.931,5.64e-01,1,Tdark(est),0,0,,type 2 diabetes mellitus (0.012)
SPDYE2,ENSG00000205238,t2d,0.963,2.45e-01,1,Tdark(est),0,0,,none_matched
ZNF34,ENSG00000196378,t2d,0.837,1.87e-01,1,Tdark(est),0,0,,type 2 diabetes mellitus (0.086)
ZBTB6,ENSG00000186130,t2d,0.914,2.99e-01,1,Tdark(est),0,0,,type 2 diabetes mellitus (0.072)
RC3H2,ENSG00000056586,t2d,0.817,2.09e-01,1,Tdark(est),0,0,,type 2 diabetes mellitus (0.064)
MED27,ENSG00000160563,t2d,0.926,2.40e-01,1,Tchem(est),0,0,,type 2 diabetes mellitus (0.348)
NRBF2,ENSG00000148572,t2d,0.811,7.05e-01,1,Tdark(est),0,0,,type 2 diabetes mellitus (0.234)
RP11-464F9.1,ENSG00000242288,t2d,0.941,5.85e-01,0,,0,0,,none_matched
RP11-464F9.9,ENSG00000251582,t2d,0.905,9.38e-01,0,,0,0,,none_matched
BLOC1S2,ENSG00000196072,t2d,0.974,5.06e-01,1,Tdark(est),0,0,,none_matched
PHBP9,ENSG00000230224,t2d,0.973,2.28e-01,0,,0,0,,none_matched
PARVA,ENSG00000197702,t2d,0.894,8.08e-01,1,Tchem(est),0,0,,none_matched
KCNJ11,ENSG00000187486,t2d,0.897,1.28e-01,1,Tclin(est),15,4,GLIPIZIDE; CHLORPROPAMIDE; REPAGLINIDE; MITIGLINIDE CALCIUM DIHYDRATE; GLIMEPIRIDE; ACETOHEXAMIDE; TOLAZAMIDE; MINOXIDIL; DIAZOXIDE; NATEGLINIDE; MITIGLINIDE; TOLBUTAMIDE; GLICLAZIDE; GLYBURIDE; PINACIDIL,type 2 diabetes mellitus (0.864)
HSD17B12,ENSG00000149084,t2d,0.800,5.84e-02,1,Tdark(est),0,0,,type 2 diabetes mellitus (0.369); coronary atherosclerosis (0.236)
RP11-856B14.1,ENSG00000260233,t2d,0.977,1.39e-01,0,,0,0,,none_matched
KDM5A,ENSG00000073614,t2d,0.817,7.29e-01,1,Tchem(est),0,0,,type 2 diabetes mellitus (0.321)
CHD4,ENSG00000111642,t2d,0.963,3.77e-01,1,Tchem(est),0,0,,none_matched
NTAN1,ENSG00000157045,t2d,0.815,5.88e-01,1,Tdark(est),0,0,,type 2 diabetes mellitus (0.168)
GIT1,ENSG00000108262,t2d,0.894,2.24e-01,1,Tdark(est),0,0,,none_matched
C18orf8,ENSG00000141452,t2d,0.989,2.29e-01,1,Tdark(est),0,0,,type 2 diabetes mellitus (0.385)
ZNF236,ENSG00000130856,t2d,0.936,9.27e-01,1,Tdark(est),0,0,,type 2 diabetes mellitus (0.425)
AC002116.7,ENSG00000267698,t2d,0.850,1.56e-01,0,,0,0,,none_matched
THAP8,ENSG00000161277,t2d,0.951,2.25e-01,1,Tdark(est),0,0,,none_matched
RP4-756G23.5,ENSG00000235513,t2d,0.937,1.43e-01,0,,0,0,,none_matched
RP1-159A19.4,ENSG00000237429,cad,0.930,4.27e-01,0,,0,0,,none_matched
U6,ENSG00000212541,cad,0.989,2.32e-01,0,,0,0,,none_matched
LRRC41,ENSG00000132128,cad,0.909,5.09e-01,1,Tdark(est),0,0,,none_matched
Metazoa_SRP,ENSG00000264584,cad,0.921,5.39e-01,0,,0,0,,none_matched
RP11-98D18.9,ENSG00000203288,cad,0.883,1.73e-01,0,,0,0,,none_matched
SAP130,ENSG00000136715,cad,0.822,2.69e-01,1,Tdark(est),0,0,,none_matched
PTPRN,ENSG00000054356,cad,0.944,2.49e-01,1,Tdark(est),0,0,,type 2 diabetes mellitus (0.029)
DGKQ,ENSG00000145214,cad,0.818,9.75e-02,1,Tdark(est),0,0,,none_matched
WDR17,ENSG00000150627,cad,0.880,1.78e-01,1,Tdark(est),0,0,,none_matched
CTD-2037K23.2,ENSG00000245556,cad,0.812,8.15e-02,0,,0,0,,none_matched
C6orf106,ENSG00000196821,cad,0.894,1.56e-01,1,Tdark(est),0,0,,none_matched
DAGLB,ENSG00000164535,cad,0.964,5.73e-01,1,Tchem(est),0,0,,coronary atherosclerosis (0.292)
SNX16,ENSG00000104497,cad,0.874,6.72e-01,1,Tdark(est),0,0,,none_matched
CDC123,ENSG00000151465,cad,0.918,2.98e-01,1,Tchem(est),0,0,,type 2 diabetes mellitus (0.461); coronary atherosclerosis (0.307); myocardial infarction (0.307); type 2 diabetes nephropathy (0.294)
DUSP13,ENSG00000079393,cad,0.873,3.68e-01,1,Tdark(est),0,0,,type 2 diabetes mellitus (0.029); coronary atherosclerosis (0.020)
TSPAN14,ENSG00000108219,cad,0.996,5.97e-01,1,Tdark(est),0,0,,myocardial infarction (0.410); coronary atherosclerosis (0.379)
BMPR1A,ENSG00000107779,cad,0.910,9.25e-02,1,Tclin(est),2,4,EPTOTERMIN ALFA; DIBOTERMIN ALFA,none_matched
LIPA,ENSG00000107798,cad,0.999,4.72e-01,1,Tchem(est),0,0,,myocardial infarction (0.534); coronary atherosclerosis (0.453)
LOXL4,ENSG00000138131,cad,0.944,4.41e-01,1,Tchem(est),0,0,,none_matched
RP11-332O19.3,ENSG00000213277,cad,0.916,6.66e-02,0,,0,0,,none_matched
AP000487.5,ENSG00000246889,cad,0.934,3.76e-01,0,,0,0,,none_matched
SIK2,ENSG00000170145,cad,0.856,9.97e-02,1,Tchem(est),0,0,,none_matched
HMBS,ENSG00000256269,cad,0.886,1.31e-01,1,Tchem(est),0,0,,type 2 diabetes mellitus (0.329)
TMEM136,ENSG00000181264,cad,0.866,1.15e-01,1,Tdark(est),0,0,,none_matched
ZNF268,ENSG00000090612,cad,0.867,4.74e-01,1,Tdark(est),0,0,,type 2 diabetes mellitus (0.343)
MLH3,ENSG00000119684,cad,0.875,3.16e-01,1,Tdark(est),0,0,,none_matched
EIF2B2,ENSG00000119718,cad,0.961,3.73e-01,1,Tchem(est),0,0,,none_matched
MIR4513,ENSG00000264386,cad,0.806,1.03e-01,0,,0,0,,none_matched
PGAP3,ENSG00000161395,cad,0.890,6.51e-02,1,Tdark(est),0,0,,none_matched
RP11-552F3.10,ENSG00000267342,cad,0.867,9.30e-02,0,,0,0,,none_matched
FCHO1,ENSG00000130475,cad,0.953,6.06e-02,1,Tdark(est),0,0,,myocardial infarction (0.298); coronary atherosclerosis (0.095)
ZNF430,ENSG00000118620,cad,0.812,7.36e-02,1,Tdark(est),0,0,,none_matched
FASTKD5,ENSG00000215251,cad,0.904,5.34e-01,1,Tdark(est),0,0,,none_matched
LPIN3,ENSG00000132793,cad,0.956,6.00e-02,1,Tdark(est),0,0,,none_matched
NRIP1,ENSG00000180530,cad,0.998,5.93e-02,1,Tchem(est),0,0,,none_matched
THOC5,ENSG00000100296,cad,0.923,3.20e-01,1,Tdark(est),0,0,,none_matched
ISCA1,ENSG00000135070,fbg,0.919,2.84e-01,1,Tdark(est),0,0,,none_matched
