gene,symbol,outcome,top_snp,PP.H4,old_hit,new_hit,new_hit_note,gene_hg38_pos,offset
ENSG00000054356,PTPRN,cad,rs11887718,0.944339625573639,none,gene_100kb,GenePos(hg38)@chr2:219299635,219299635,-864722
ENSG00000056586,RC3H2,t2d,rs3824535,0.817415181215947,none,gene_100kb,GenePos(hg38)@chr9:122874919,122874919,-2762279
ENSG00000064999,ANKS1A,t2d,rs6905468,0.8935332822457,window_100kb,gene_100kb,GenePos(hg38)@chr6:34990333,34990333,32223
ENSG00000073614,KDM5A,t2d,rs579526,0.816740225694258,window_100kb,gene_100kb,GenePos(hg38)@chr12:334791,334791,-109166
ENSG00000079393,DUSP13,cad,rs2657291,0.872879144250486,none,gene_100kb,GenePos(hg38)@chr10:75101825,75101825,-1759758
ENSG00000085721,RRN3,t2d,rs2280018,0.923805536292926,none,gene_100kb,GenePos(hg38)@chr16:15077169,15077169,-93857
ENSG00000090612,ZNF268,cad,rs62644541,0.867457634253687,none,gene_100kb,GenePos(hg38)@chr12:133169048,133169048,-576586
ENSG00000100296,THOC5,cad,rs11704049,0.9227176976172,window_100kb,none,GenePos(hg38)@chr22:29530547,29530547,-395989
ENSG00000104497,SNX16,cad,rs12676438,0.87381104158605,window_100kb,none,GenePos(hg38)@chr8:81821223,81821223,-912235
ENSG00000105767,CADM4,cad,rs4760,0.995684672419698,none,none,GenePos(hg38)@chr19:43631103,43631103,-504152
ENSG00000107779,BMPR1A,cad,rs58477734,0.909761693477387,window_100kb,none,GenePos(hg38)@chr10:86840919,86840919,-1759757
ENSG00000107798,LIPA,cad,rs1412444,0.998932758088505,rsid,rsid,rs1412444,89314063,-1759757
ENSG00000108219,TSPAN14,cad,rs12260962,0.995904563349378,none,gene_100kb,GenePos(hg38)@chr10:80488398,80488398,-1759756
ENSG00000108262,GIT1,t2d,rs894606,0.893666795884946,none,gene_100kb,GenePos(hg38)@chr17:29583761,29583761,1672982
ENSG00000108551,RASD1,cad,rs12449964,0.98599491492195,rsid,rsid,rs12449964,17495416,96686
ENSG00000109670,FBXW7,t2d,rs9991574,0.924611236013898,window_100kb,gene_100kb,GenePos(hg38)@chr4:152428139,152428139,-921152
ENSG00000109919,MTCH2,cad,rs143001834,0.902287924015749,window_100kb,gene_100kb,GenePos(hg38)@chr11:47629969,47629969,-21552
ENSG00000111642,CHD4,t2d,rs7969177,0.963192794374054,rsid,rsid,rs7969177,6588779,-109166
ENSG00000111879,FAM184A,t2d,rs794249,0.900030148999246,window_100kb,none,GenePos(hg38)@chr6:119054575,119054575,-321165
ENSG00000112282,MED23,t2d,rs2246012,0.982610204476408,rsid,rsid,rs2246012,131601097,-321140
ENSG00000118513,MYB,cad,rs9376092,0.812564047232375,none,none,GenePos(hg38)@chr6:135200244,135200244,-321138
ENSG00000118520,ARG1,t2d,rs2246012,0.998466865293651,rsid,rsid,rs2246012,131578738,-321140
ENSG00000118620,ZNF430,cad,rs35717293,0.811586798031648,none,none,GenePos(hg38)@chr19:21040339,21040339,-182802
ENSG00000119684,MLH3,cad,rs175065,0.874624754952309,none,gene_100kb,GenePos(hg38)@chr14:75032648,75032648,-466703
ENSG00000119718,EIF2B2,cad,rs175057,0.96092281304837,none,gene_100kb,GenePos(hg38)@chr14:75006250,75006250,-466703
ENSG00000122557,HERPUD2,t2d,rs2392376,0.93119066276845,none,none,GenePos(hg38)@chr7:35663897,35663897,-39610
ENSG00000130475,FCHO1,cad,rs10402507,0.953262705133287,none,gene_100kb,GenePos(hg38)@chr19:17768143,17768143,-110809
ENSG00000130856,ZNF236,t2d,rs62113105,0.935529413476269,none,gene_100kb,GenePos(hg38)@chr18:76896667,76896667,2288044
ENSG00000132128,LRRC41,cad,rs147526786,0.909483076324573,none,none,GenePos(hg38)@chr1:46282402,46282402,-465672
ENSG00000132793,LPIN3,cad,rs6129773,0.95620440896145,window_100kb,gene_100kb,GenePos(hg38)@chr20:41350751,41350751,1371360
ENSG00000134802,SLC43A3,t2d,rs6591424,0.808063064750858,window_100kb,gene_100kb,GenePos(hg38)@chr11:57417266,57417266,232526
ENSG00000135070,ISCA1,fbg,rs2147063,0.919356981115333,none,none,GenePos(hg38)@chr9:86273653,86273653,-2614915
ENSG00000136715,SAP130,cad,rs114192718,0.82152618661109,rsid,rsid,rs114192718,127984668,-757574
ENSG00000138131,LOXL4,cad,rs11189523,0.944391116585441,window_100kb,gene_100kb,GenePos(hg38)@chr10:98257970,98257970,-1759757
ENSG00000138160,KIF11,t2d,rs1111875,0.882591554243968,rsid,rsid,rs1111875,92624339,-1759757
ENSG00000141452,C18orf8,t2d,rs1788799,0.988627669745569,rsid,rsid,rs1788799,23517645,2420036
ENSG00000142669,SH3BGRL3,t2d,rs7551751,0.991344131888493,window_100kb,none,GenePos(hg38)@chr1:26280346,26280346,-326491
ENSG00000144749,LRIG1,t2d,rs17775391,0.922057550649883,none,gene_100kb,GenePos(hg38)@chr3:66440030,66440030,-50424
ENSG00000145214,DGKQ,cad,rs1377586,0.818021237058054,window_100kb,gene_100kb,GenePos(hg38)@chr4:972891,972891,6212
ENSG00000145375,SPATA5,t2d,rs11098676,0.915979967524608,rsid,rsid,rs11098676,123118864,-921155
ENSG00000145431,PDGFC,t2d,rs1425486,0.943693907632831,none,gene_100kb,GenePos(hg38)@chr4:156865924,156865924,-921152
ENSG00000146830,GIGYF1,t2d,rs506597,0.998349762147204,rsid,rsid,rs506597,100684477,402377
ENSG00000148572,NRBF2,t2d,rs34119992,0.811401104931589,none,gene_100kb,GenePos(hg38)@chr10:63144156,63144156,-1759760
ENSG00000149084,HSD17B12,t2d,rs1061810,0.800204188355584,rsid,rsid,rs1061810,43706526,-21550
ENSG00000150627,WDR17,cad,rs72706320,0.880246872223885,none,none,GenePos(hg38)@chr4:176124330,176124330,-921151
ENSG00000151465,CDC123,cad,rs36062557,0.917774247428539,window_100kb,gene_100kb,GenePos(hg38)@chr10:12223277,12223277,-41999
ENSG00000157045,NTAN1,t2d,rs2280018,0.814925986106974,window_100kb,gene_100kb,GenePos(hg38)@chr16:15046958,15046958,-93857
ENSG00000160563,MED27,t2d,rs7043386,0.926102331834865,none,gene_100kb,GenePos(hg38)@chr9:131970007,131970007,-2875387
ENSG00000161277,THAP8,t2d,rs12981654,0.950912141070469,none,none,GenePos(hg38)@chr19:36044873,36044873,-490902
ENSG00000161395,PGAP3,cad,rs2952152,0.890020029782919,window_100kb,gene_100kb,GenePos(hg38)@chr17:39683959,39683959,1843747
ENSG00000163257,DCAF16,t2d,rs7667864,0.83892141295213,window_100kb,gene_100kb,GenePos(hg38)@chr4:17805706,17805706,-1623
ENSG00000163577,EIF5A2,t2d,rs8192675,0.824313108247966,rsid,rsid,rs8192675,170898554,282211
ENSG00000163933,RFT1,t2d,rs2336725,0.987587386106579,window_100kb,gene_100kb,GenePos(hg38)@chr3:53109472,53109472,-34016
ENSG00000164535,DAGLB,cad,rs13235365,0.963521272162061,window_100kb,gene_100kb,GenePos(hg38)@chr7:6446658,6446658,-39631
ENSG00000165609,NUDT5,t2d,rs11257655,0.999653186092686,rsid,rsid,rs11257655,12180734,-41999
ENSG00000169379,ARL13B,t2d,rs62266124,0.935442298629427,none,none,GenePos(hg38)@chr3:94017903,94017903,281156
ENSG00000170145,SIK2,cad,rs567859,0.856181632187796,window_100kb,gene_100kb,GenePos(hg38)@chr11:111666622,111666622,129276
ENSG00000180530,NRIP1,cad,rs2823165,0.998005335164654,none,none,GenePos(hg38)@chr21:15013118,15013118,-1372320
ENSG00000181264,TMEM136,cad,rs4938809,0.866319231849221,rsid,rsid,rs4938809,120329405,129291
ENSG00000183049,CAMK1D,t2d,rs11257655,0.9996531860928,rsid,rsid,rs11257655,12592514,-41999
ENSG00000186130,ZBTB6,t2d,rs2239540,0.913584973669545,none,gene_100kb,GenePos(hg38)@chr9:122910693,122910693,-2762279
ENSG00000187486,KCNJ11,t2d,rs757110,0.896540971188041,rsid,rsid,rs757110,17387595,-21547
ENSG00000187942,LDLRAD2,cad,rs114661372,0.823262921141715,none,gene_100kb,GenePos(hg38)@chr1:21818743,21818743,-326493
ENSG00000188277,C15orf62,cad,rs17716350,0.809719023774493,window_100kb,none,GenePos(hg38)@chr15:40771203,40771203,-292198
ENSG00000196072,BLOC1S2,t2d,rs17882802,0.973617613057999,none,gene_100kb,GenePos(hg38)@chr10:100280334,100280334,-1759757
ENSG00000196378,ZNF34,t2d,rs4637890,0.837476902458287,none,gene_100kb,GenePos(hg38)@chr8:144780229,144780229,-1225385
ENSG00000196821,C6orf106,cad,rs3800461,0.894115644262981,window_100kb,gene_100kb,GenePos(hg38)@chr6:34642073,34642073,32223
ENSG00000197702,PARVA,t2d,rs4757405,0.89410643966769,none,gene_anno,PARVA in catalog MAPPED_GENE,12453993,-21547
ENSG00000198353,HOXC4,cad,rs1133773,0.934922048754275,rsid,rsid,rs1133773,54036480,-393784
ENSG00000198492,YTHDF2,t2d,rs3753693,0.910657101380508,rsid,rsid,rs3753693,28753198,-326512
ENSG00000203288,RP11-98D18.9,cad,rs1521185,0.883182269117576,window_100kb,gene_100kb,GenePos(hg38)@chr1:151792603,151792603,27524
ENSG00000205238,SPDYE2,t2d,rs7781557,0.963073941110323,rsid,rsid,rs7781557,102556770,359553
ENSG00000212541,U6,cad,rs61776719,0.988896566819144,rsid,rsid,rs61776719,37991515,-465672
ENSG00000213277,RP11-332O19.3,cad,rs11191472,0.916142214868887,none,gene_100kb,GenePos(hg38)@chr10:103175824,103175824,-1759757
ENSG00000213390,ARHGAP19,t2d,rs8181326,0.839294639172335,none,gene_100kb,GenePos(hg38)@chr10:97255947,97255947,-1759757
ENSG00000214413,BBIP1,t2d,rs10787287,0.853468938885073,rsid,rsid,rs10787287,110909002,-1759758
ENSG00000215251,FASTKD5,cad,rs860735,0.903698834280561,none,none,GenePos(hg38)@chr20:3153208,3153208,19354
ENSG00000226920,RP5-1068B5.3,t2d,rs927204,0.852114495602402,window_100kb,gene_100kb,GenePos(hg38)@chr1:229440652,229440652,-135747
ENSG00000229666,MAST4-AS1,t2d,rs173651,0.97675195075488,none,gene_100kb,GenePos(hg38)@chr5:67002668,67002668,704172
ENSG00000230069,LRRC37A15P,t2d,rs223490,0.980973397057212,none,gene_100kb,GenePos(hg38)@chr4:102728997,102728997,-921157
ENSG00000230224,PHBP9,t2d,rs11591741,0.972888870400323,rsid,rsid,rs11591741,100248683,-1759757
ENSG00000230925,RP11-176F3.7,t2d,rs1758632,0.924871926954197,rsid,rsid,rs1758632,33910365,2
ENSG00000235513,RP4-756G23.5,t2d,rs85220,0.936513688220717,none,gene_100kb,GenePos(hg38)@chr22:41213374,41213374,-396004
ENSG00000237429,RP1-159A19.4,cad,rs17361686,0.930423615803356,window_100kb,gene_100kb,GenePos(hg38)@chr1:27528183,27528183,-326511
ENSG00000242142,SERBP1P3,t2d,rs4687701,0.979895214083185,window_100kb,gene_100kb,GenePos(hg38)@chr3:53064687,53064687,-34016
ENSG00000242288,RP11-464F9.1,t2d,rs7908825,0.940514018726893,window_100kb,gene_100kb,GenePos(hg38)@chr10:73702404,73702404,-1759758
ENSG00000245556,CTD-2037K23.2,cad,rs16875368,0.811992511905522,none,none,GenePos(hg38)@chr5:78351436,78351436,704176
ENSG00000246889,AP000487.5,cad,rs34053053,0.933704061858495,window_100kb,none,GenePos(hg38)@chr11:70385367,70385367,153894
ENSG00000248677,CTD-2044J15.1,cad,rs4389656,0.861921688363935,rsid,rsid,rs4389656,6697018,-113
ENSG00000248971,KRT8P46,t2d,rs223490,0.980973396431229,none,gene_100kb,GenePos(hg38)@chr4:102729458,102729458,-921157
ENSG00000251288,RP11-10L12.2,t2d,rs223490,0.9809732435352,none,gene_100kb,GenePos(hg38)@chr4:102752021,102752021,-921157
ENSG00000251582,RP11-464F9.9,t2d,rs11000760,0.904653118179906,window_100kb,gene_100kb,GenePos(hg38)@chr10:73674528,73674528,-1759758
ENSG00000253878,RP11-347C18.3,t2d,rs726816,0.932041698504472,rsid,rsid,rs726816,94950716,-1012228
ENSG00000253981,ALG1L13P,t2d,rs7837587,0.816051995860348,none,gene_100kb,GenePos(hg38)@chr8:8240347,8240347,142490
ENSG00000256269,HMBS,cad,rs4614,0.886141680923424,none,gene_100kb,GenePos(hg38)@chr11:119089207,119089207,129290
ENSG00000260233,RP11-856B14.1,t2d,rs1194104,0.976614268576567,none,gene_100kb,GenePos(hg38)@chr11:65569452,65569452,232529
ENSG00000260252,RP11-384M15.3,cad,rs1050362,0.852429632814496,rsid,rsid,rs1050362,72086150,-33899
ENSG00000263883,RP11-51F16.5,t2d,rs7223412,0.803923856428146,none,gene_100kb,GenePos(hg38)@chr17:63636857,63636857,1922640
ENSG00000264386,MIR4513,cad,rs12442901,0.805877031808448,none,gene_100kb,GenePos(hg38)@chr15:74788714,74788714,-292341
ENSG00000264508,Metazoa_SRP,cad,rs11204675,0.922589447019508,window_100kb,gene_100kb,GenePos(hg38)@chr1:150566712,150566712,27524
ENSG00000264584,Metazoa_SRP,cad,rs10888385,0.92137482738309,window_100kb,gene_100kb,GenePos(hg38)@chr1:150569121,150569121,27524
ENSG00000266173,STRADA,t2d,rs11079508,0.846610825514875,none,gene_100kb,GenePos(hg38)@chr17:63722401,63722401,1922640
ENSG00000267342,RP11-552F3.10,cad,rs3760128,0.866556006808261,none,gene_100kb,GenePos(hg38)@chr17:75898604,75898604,2003919
ENSG00000267698,AC002116.7,t2d,rs10418015,0.850176089156289,none,none,GenePos(hg38)@chr19:36030240,36030240,-490902
ENSG00000268471,DKFZP434I0714,t2d,rs9991574,0.846089643863427,none,gene_100kb,GenePos(hg38)@chr4:152537762,152537762,-921152
ENSG00000268649,hsa-mir-296,fbg,rs6026565,0.94665233324918,window_100kb,gene_100kb,GenePos(hg38)@chr20:58817428,58817428,1424945
