gene,symbol,outcome,pp4,mr_b,mr_p,eqtlgen_lead_snp,eqtlgen_z,eqtlgen_gwas_p,gtex_tissue,gtex_lead_rsid,gtex_slope,gtex_p,gtex_lead_gwas_p,eqtlgen_mr_dir,gtex_mr_dir,direction
ENSG00000011422,PLAUR,cad,0.99567426748846,0.610120453481186,2.00478689359048e-06,rs4760,11.5325,1.808e-06,Whole_Blood,rs10419059,-0.401059,7.54798e-06,,1.0,,no_gtex_gwas_variant
ENSG00000070915,SLC12A3,cad,0.993721390369186,0.524902262858856,1.97317529007541e-09,rs56228609,-8.363,1.917e-09,Pancreas,rs8061631,0.343988,5.8112e-06,0.1213,1.0,1.0,consistent
ENSG00000135974,C2orf49,t2d,0.980172561304731,0.993379810487888,1.90172751687517e-07,rs4851758,7.2014,2.012e-07,Muscle_Skeletal,rs2576771,-0.172876,3.55542e-06,0.6721,1.0,1.0,consistent
ENSG00000095485,CWF19L1,t2d,0.960013578606752,-0.0796943702644714,0.000315093663539702,rs17668357,86.5516,1.168e-08,Muscle_Skeletal,rs12784396,0.625063,8.77121e-88,7.099e-09,-1.0,-1.0,consistent
ENSG00000252118,U6atac,t2d,0.957066021312353,0.816398006299582,1.70637513329084e-11,rs12780155,4.843,2.154e-11,,,,,,1.0,,no_gtex_gwas_variant
ENSG00000134256,CD101,t2d,0.94884375983226,0.132574119576048,0.000116365855459249,rs12130298,-58.4668,,Whole_Blood,rs12130298,-0.757635,2.7052199999999998e-43,,1.0,,no_gtex_gwas_variant
ENSG00000158710,TAGLN2,cad,0.946476746550235,0.141037002437856,2.62947160278819e-05,rs2789422,-31.0058,2.348e-05,Whole_Blood,rs2252815,-0.113908,1.92227e-09,,1.0,,no_gtex_gwas_variant
ENSG00000213085,CCDC19,cad,0.946245942458657,0.222313298523997,2.6294716027882e-05,rs2789422,-17.9384,2.348e-05,,,,,,1.0,,no_gtex_gwas_variant
ENSG00000004534,RBM6,t2d,0.944783239528696,-0.0577133415258059,1.02183794615947e-05,rs2245365,101.8767,3.495e-06,Whole_Blood,rs7613875,-0.587692,1.03317e-130,1.421e-05,-1.0,-1.0,consistent
ENSG00000148842,CNNM2,cad,0.936554980592514,1.88622481195701,9.85010679950938e-15,rs11191447,-6.1715,8.723e-15,Whole_Blood,rs80251802,0.387022,1.24031e-21,,1.0,,no_gtex_gwas_variant
ENSG00000244754,N4BP2L2,cad,0.923656725402997,-0.117451024645651,1.17709270278885e-09,rs1123462,44.3887,1.467e-09,Adipose_Subcutaneous,rs2010997,0.109261,2.04861e-07,7.811e-08,-1.0,-1.0,consistent
ENSG00000243284,VSIG8,cad,0.916242256890915,0.367374619378322,2.62947160278819e-05,rs2789422,-10.9416,2.348e-05,Pancreas,rs11587021,0.674809,1.2077599999999999e-20,0.04751,1.0,-1.0,conflicting
ENSG00000135862,LAMC1,cad,0.913924786575666,-0.0408075935574935,0.00473453755481674,rs11588675,-80.4451,2.237e-05,Whole_Blood,rs11588675,-0.456989,1.86867e-39,2.237e-05,-1.0,-1.0,consistent
ENSG00000076554,TPD52,fbg,0.912810257527611,0.0445217849323096,0.00125618274546358,rs2162229,56.9053,4.064e-05,Muscle_Skeletal,rs62516083,0.667963,1.5842e-45,,1.0,,no_gtex_gwas_variant
ENSG00000112701,SENP6,cad,0.905554679709319,0.0578927189448126,0.00485248587190293,rs62414240,51.9206,4.58e-05,Whole_Blood,rs7738852,-0.235488,3.23262e-51,0.00761,1.0,1.0,consistent
ENSG00000177963,RIC8A,cad,0.889472442278656,-0.168175197002956,4.87503845110966e-05,rs6598075,27.9039,5.354e-05,Whole_Blood,rs6598066,-0.21551,3.44298e-27,0.0002156,-1.0,-1.0,consistent
ENSG00000118418,HMGN3,cad,0.888398848225281,0.318064694594564,0.0125975059135519,rs17787027,-13.7508,0.01246,Muscle_Skeletal,rs72893792,-0.303584,6.68961e-13,6.036e-05,1.0,1.0,consistent
ENSG00000087250,MT3,fbg,0.88003037094877,0.153933082949743,0.0001199864408978,rs1580833,-16.9929,0.0001407,Adipose_Subcutaneous,rs73557194,-0.500825,4.02169e-05,,1.0,,no_gtex_gwas_variant
ENSG00000167526,RPL13,t2d,0.870151705598685,0.0870857744727914,0.0114438177317366,rs113847672,61.0886,,Muscle_Skeletal,rs2280370,-0.324728,8.524689999999999e-49,,1.0,,no_gtex_gwas_variant
ENSG00000130584,ZBTB46,cad,0.844244300906311,-0.354537458462829,0.010691251863275,rs6062322,8.7938,0.01024,Muscle_Skeletal,rs2244441,0.194445,1.06652e-08,0.0008119,-1.0,-1.0,consistent
ENSG00000249915,PDCD6,t2d,0.842272690870712,0.252503382719474,3.11056024514747e-05,rs12332382,27.9517,3.097e-05,Pancreas,rs76623415,-0.338568,1.10092e-15,,1.0,,no_gtex_gwas_variant
ENSG00000163815,CLEC3B,t2d,0.833833762129008,0.111929641906865,0.000131952929107605,rs77100387,47.3822,,Muscle_Skeletal,rs3216800,-0.205752,1.43577e-11,,1.0,,no_gtex_gwas_variant
ENSG00000197020,ZNF100,cad,0.81768672707887,-0.0386035452889564,0.0234105961611167,rs4338909,66.3049,7.659e-05,Adipose_Subcutaneous,rs6511291,-1.05155,1.97911e-191,0.0001186,-1.0,-1.0,consistent
