symbol,gene,outcome,tissue,n_tissue,lead_variant,chr,pos,slope,slope_se,pval,qval,eqtlgen_lead,eqtlgen_variant,same_variant,within_50kb
CD101,ENSG00000134256,t2d,Adipose_Subcutaneous,581,chr1_116532140_G_A_b38,chr1,116532140,-0.399549,0.11451,0.000526336,0.165043,rs10494191,1_117001393_A_C,False,False
C2orf49,ENSG00000135974,t2d,Adipose_Subcutaneous,581,chr2_104994728_G_A_b38,chr2,104994728,-0.558526,0.155078,0.000347163,0.142841,rs4851758,2_105335960_C_T,False,False
RBM6,ENSG00000004534,t2d,Adipose_Subcutaneous,581,chr3_50026991_G_A_b38,chr3,50026991,0.579133,0.0190204,6.77122e-117,1.8292700000000002e-97,rs10049087,3_50085984_A_G,False,False
CLEC3B,ENSG00000163815,t2d,Adipose_Subcutaneous,581,chr3_45050923_A_G_b38,chr3,45050923,0.183083,0.0342632,1.37608e-07,0.000229518,rs1004877,3_45025925_G_A,False,True
PDCD6,ENSG00000249915,t2d,Adipose_Subcutaneous,581,chr5_314030_C_CTGTGTCCTGA_b38,chr5,314030,-0.204827,0.0253201,4.38964e-15,1.31279e-10,rs12332382,5_244828_C_T,False,False
CWF19L1,ENSG00000095485,t2d,Adipose_Subcutaneous,581,chr10_100207653_G_A_b38,chr10,100207653,0.538795,0.0293724,4.0758199999999996e-58,1.4531599999999998e-49,rs10430625,10_100136849_G_A,False,False
TAGLN2,ENSG00000158710,cad,Adipose_Subcutaneous,581,chr1_159925471_G_A_b38,chr1,159925471,-0.171254,0.048273,0.000424554,0.158903,rs2789422,1_159922298_G_A,False,True
CCDC19,ENSG00000213085,cad,Adipose_Subcutaneous,581,chr1_160339660_G_C_b38,chr1,160339660,-0.0781409,0.0218868,0.000390328,0.154877,rs2789422,1_159922298_G_A,False,False
VSIG8,ENSG00000243284,cad,Adipose_Subcutaneous,581,chr1_159856858_C_T_b38,chr1,159856858,0.33584,0.0385997,4.54791e-17,1.09819e-12,rs2789422,1_159922298_G_A,False,False
CNNM2,ENSG00000148842,cad,Adipose_Subcutaneous,581,chr10_102221926_C_T_b38,chr10,102221926,0.482983,0.100329,1.95155e-06,0.00183427,rs11191447,10_102892566_C_T,False,False
RIC8A,ENSG00000177963,cad,Adipose_Subcutaneous,581,chr11_219089_T_C_b38,chr11,219089,-0.261365,0.0236305,1.21753e-25,1.8419699999999998e-20,rs6598075,11_207275_C_G,False,True
N4BP2L2,ENSG00000244754,cad,Adipose_Subcutaneous,581,chr13_32496369_G_A_b38,chr13,32496369,0.109261,0.0207451,2.04861e-07,0.000381381,rs1123462,13_32571325_C_T,False,False
PLAUR,ENSG00000011422,cad,Adipose_Subcutaneous,581,chr19_44155615_G_T_b38,chr19,44155615,-0.485786,0.118232,4.63283e-05,0.0444624,rs4760,19_43648948_A_G,False,False
CD101,ENSG00000134256,t2d,Adipose_Visceral_Omentum,469,chr1_117001709_A_C_b38,chr1,117001709,-0.413502,0.0776331,1.67776e-07,0.000537683,rs10494191,1_117001393_A_C,False,True
C2orf49,ENSG00000135974,t2d,Adipose_Visceral_Omentum,469,chr2_105361319_G_A_b38,chr2,105361319,0.183698,0.0518482,0.000442424,0.220565,rs4851758,2_105335960_C_T,False,True
RBM6,ENSG00000004534,t2d,Adipose_Visceral_Omentum,469,chr3_50026991_G_A_b38,chr3,50026991,0.503575,0.020676,6.09873e-81,2.04245e-67,rs10049087,3_50085984_A_G,False,False
CLEC3B,ENSG00000163815,t2d,Adipose_Visceral_Omentum,469,chr3_45036690_G_C_b38,chr3,45036690,0.160447,0.0340744,3.44516e-06,0.00615611,rs1004877,3_45025925_G_A,False,True
PDCD6,ENSG00000249915,t2d,Adipose_Visceral_Omentum,469,chr5_308945_A_C_b38,chr5,308945,-0.189015,0.0276345,2.99103e-11,3.50979e-07,rs12332382,5_244828_C_T,False,False
CWF19L1,ENSG00000095485,t2d,Adipose_Visceral_Omentum,469,chr10_100216744_G_C_b38,chr10,100216744,0.647545,0.035804,7.91968e-54,2.49589e-45,rs10430625,10_100136849_G_A,False,False
TAGLN2,ENSG00000158710,cad,Adipose_Visceral_Omentum,469,chr1_160004993_A_G_b38,chr1,160004993,-0.412524,0.0964161,2.35734e-05,0.0370106,rs2789422,1_159922298_G_A,False,False
CCDC19,ENSG00000213085,cad,Adipose_Visceral_Omentum,469,chr1_159866539_C_T_b38,chr1,159866539,0.343239,0.0898495,0.000154621,0.130031,rs2789422,1_159922298_G_A,False,False
VSIG8,ENSG00000243284,cad,Adipose_Visceral_Omentum,469,chr1_159856126_C_T_b38,chr1,159856126,0.43276,0.04805,8.863950000000001e-18,3.9793e-13,rs2789422,1_159922298_G_A,False,False
CNNM2,ENSG00000148842,cad,Adipose_Visceral_Omentum,469,chr10_102415138_G_A_b38,chr10,102415138,0.195537,0.0566563,0.00061755,0.178812,rs11191447,10_102892566_C_T,False,False
RIC8A,ENSG00000177963,cad,Adipose_Visceral_Omentum,469,chr11_204228_G_A_b38,chr11,204228,0.228618,0.0239246,1.27715e-19,1.08741e-14,rs6598075,11_207275_C_G,False,True
N4BP2L2,ENSG00000244754,cad,Adipose_Visceral_Omentum,469,chr13_33217764_C_T_b38,chr13,33217764,0.420373,0.100805,3.73674e-05,0.0451329,rs1123462,13_32571325_C_T,False,False
PLAUR,ENSG00000011422,cad,Adipose_Visceral_Omentum,469,chr19_43204891_C_T_b38,chr19,43204891,-0.541843,0.129069,3.32154e-05,0.0470724,rs4760,19_43648948_A_G,False,False
CD101,ENSG00000134256,t2d,Artery_Aorta,387,chr1_116953847_A_G_b38,chr1,116953847,-0.29072,0.0795805,0.000303007,0.169202,rs10494191,1_117001393_A_C,False,True
C2orf49,ENSG00000135974,t2d,Artery_Aorta,387,chr2_105965414_C_G_b38,chr2,105965414,-0.485106,0.128811,0.000197671,0.14887,rs4851758,2_105335960_C_T,False,False
RBM6,ENSG00000004534,t2d,Artery_Aorta,387,chr3_49940636_C_T_b38,chr3,49940636,-0.50573,0.0218848,5.950400000000001e-70,9.05165e-58,rs10049087,3_50085984_A_G,False,False
CLEC3B,ENSG00000163815,t2d,Artery_Aorta,387,chr3_45050923_A_G_b38,chr3,45050923,0.368218,0.042687,3.10518e-16,1.10037e-11,rs1004877,3_45025925_G_A,False,True
PDCD6,ENSG00000249915,t2d,Artery_Aorta,387,chr5_284413_A_G_b38,chr5,284413,-0.295156,0.0344853,4.98638e-16,2.81609e-11,rs12332382,5_244828_C_T,False,True
CWF19L1,ENSG00000095485,t2d,Artery_Aorta,387,chr10_100216744_G_C_b38,chr10,100216744,0.702527,0.0324029,1.45271e-64,2.45312e-56,rs10430625,10_100136849_G_A,False,False
TAGLN2,ENSG00000158710,cad,Artery_Aorta,387,chr1_159925471_G_A_b38,chr1,159925471,-0.227777,0.0620203,0.000281694,0.178451,rs2789422,1_159922298_G_A,False,True
CCDC19,ENSG00000213085,cad,Artery_Aorta,387,chr1_159801679_C_A_b38,chr1,159801679,-0.389002,0.107799,0.00035762,0.202144,rs2789422,1_159922298_G_A,False,False
VSIG8,ENSG00000243284,cad,Artery_Aorta,387,chr1_159856858_C_T_b38,chr1,159856858,0.385391,0.0426975,1.76115e-17,7.23985e-13,rs2789422,1_159922298_G_A,False,False
CNNM2,ENSG00000148842,cad,Artery_Aorta,387,chr10_103326655_C_T_b38,chr10,103326655,-0.655659,0.197228,0.000990036,0.217246,rs11191447,10_102892566_C_T,False,False
RIC8A,ENSG00000177963,cad,Artery_Aorta,387,chr11_209894_ACCC_A_b38,chr11,209894,0.305815,0.0244278,1.71791e-29,8.60244e-24,rs6598075,11_207275_C_G,False,True
N4BP2L2,ENSG00000244754,cad,Artery_Aorta,387,chr13_32569269_G_A_b38,chr13,32569269,0.150103,0.0237464,8.80641e-10,5.53108e-06,rs1123462,13_32571325_C_T,False,True
PLAUR,ENSG00000011422,cad,Artery_Aorta,387,chr19_43374715_C_T_b38,chr19,43374715,0.128104,0.0336587,0.000169514,0.135417,rs4760,19_43648948_A_G,False,False
CD101,ENSG00000134256,t2d,Artery_Coronary,213,chr1_117003213_C_T_b38,chr1,117003213,1.11294,0.304571,0.000341929,0.276134,rs10494191,1_117001393_A_C,False,True
C2orf49,ENSG00000135974,t2d,Artery_Coronary,213,chr2_105187665_T_C_b38,chr2,105187665,-0.76866,0.232522,0.00115165,0.406151,rs4851758,2_105335960_C_T,False,False
RBM6,ENSG00000004534,t2d,Artery_Coronary,213,chr3_50026991_G_A_b38,chr3,50026991,0.478314,0.0363244,7.055150000000001e-28,1.04847e-21,rs10049087,3_50085984_A_G,False,False
CLEC3B,ENSG00000163815,t2d,Artery_Coronary,213,chr3_44637953_T_C_b38,chr3,44637953,0.444366,0.120348,0.000297623,0.238752,rs1004877,3_45025925_G_A,False,False
PDCD6,ENSG00000249915,t2d,Artery_Coronary,213,chr5_314030_C_CTGTGTCCTGA_b38,chr5,314030,-0.18361,0.0439127,4.59804e-05,0.111024,rs12332382,5_244828_C_T,False,False
CWF19L1,ENSG00000095485,t2d,Artery_Coronary,213,chr10_100193948_A_C_b38,chr10,100193948,0.710004,0.055013,3.9838e-27,1.02331e-20,rs10430625,10_100136849_G_A,False,False
TAGLN2,ENSG00000158710,cad,Artery_Coronary,213,chr1_160499476_T_C_b38,chr1,160499476,0.33942,0.086001,0.000115063,0.189546,rs2789422,1_159922298_G_A,False,False
CCDC19,ENSG00000213085,cad,Artery_Coronary,213,chr1_160674557_G_A_b38,chr1,160674557,-0.355173,0.100719,0.000539431,0.343023,rs2789422,1_159922298_G_A,False,False
VSIG8,ENSG00000243284,cad,Artery_Coronary,213,chr1_159856126_C_T_b38,chr1,159856126,0.388661,0.0673,3.49526e-08,0.000360813,rs2789422,1_159922298_G_A,False,False
CNNM2,ENSG00000148842,cad,Artery_Coronary,213,chr10_103575422_C_T_b38,chr10,103575422,0.691052,0.193726,0.000466953,0.251207,rs11191447,10_102892566_C_T,False,False
RIC8A,ENSG00000177963,cad,Artery_Coronary,213,chr11_209894_ACCC_A_b38,chr11,209894,0.284836,0.0354199,1.34247e-13,7.5625e-09,rs6598075,11_207275_C_G,False,True
N4BP2L2,ENSG00000244754,cad,Artery_Coronary,213,chr13_32402558_A_G_b38,chr13,32402558,0.785142,0.178339,1.86863e-05,0.0576365,rs1123462,13_32571325_C_T,False,False
PLAUR,ENSG00000011422,cad,Artery_Coronary,213,chr19_43319232_G_T_b38,chr19,43319232,-0.187028,0.051443,0.000365515,0.310044,rs4760,19_43648948_A_G,False,False
CD101,ENSG00000134256,t2d,Liver,208,chr1_116505864_G_A_b38,chr1,116505864,1.3274,0.354317,0.000246338,0.247902,rs10494191,1_117001393_A_C,False,False
C2orf49,ENSG00000135974,t2d,Liver,208,chr2_105248369_T_C_b38,chr2,105248369,-0.292176,0.0671554,2.34827e-05,0.0755668,rs4851758,2_105335960_C_T,False,False
RBM6,ENSG00000004534,t2d,Liver,208,chr3_49865111_A_G_b38,chr3,49865111,-0.429017,0.0441882,5.73588e-18,7.54579e-13,rs10049087,3_50085984_A_G,False,False
CLEC3B,ENSG00000163815,t2d,Liver,208,chr3_45055665_C_G_b38,chr3,45055665,0.487482,0.125462,0.000146693,0.173696,rs1004877,3_45025925_G_A,False,True
PDCD6,ENSG00000249915,t2d,Liver,208,chr5_308945_A_C_b38,chr5,308945,-0.219559,0.0558353,0.000122858,0.191486,rs12332382,5_244828_C_T,False,False
CWF19L1,ENSG00000095485,t2d,Liver,208,chr10_100174478_C_T_b38,chr10,100174478,0.778876,0.0679892,8.036640000000001e-23,2.66923e-17,rs10430625,10_100136849_G_A,False,True
TAGLN2,ENSG00000158710,cad,Liver,208,chr1_159201007_C_T_b38,chr1,159201007,-0.628326,0.152473,5.91511e-05,0.12969,rs2789422,1_159922298_G_A,False,False
CCDC19,ENSG00000213085,cad,Liver,208,chr1_160707800_T_C_b38,chr1,160707800,0.246081,0.0753468,0.00132233,0.435074,rs2789422,1_159922298_G_A,False,False
CNNM2,ENSG00000148842,cad,Liver,208,chr10_103712215_A_G_b38,chr10,103712215,0.564945,0.165167,0.000784907,0.310988,rs11191447,10_102892566_C_T,False,False
RIC8A,ENSG00000177963,cad,Liver,208,chr11_254869_G_C_b38,chr11,254869,-0.151386,0.0421189,0.000427213,0.287076,rs6598075,11_207275_C_G,False,True
N4BP2L2,ENSG00000244754,cad,Liver,208,chr13_32985168_T_C_b38,chr13,32985168,-0.216416,0.0536442,8.29971e-05,0.146665,rs1123462,13_32571325_C_T,False,False
PLAUR,ENSG00000011422,cad,Liver,208,chr19_43019203_T_C_b38,chr19,43019203,0.592053,0.178295,0.00110174,0.415555,rs4760,19_43648948_A_G,False,False
C2orf49,ENSG00000135974,t2d,Muscle_Skeletal,803,chr2_105351628_C_T_b38,chr2,105351628,-0.172876,0.0369621,3.55542e-06,0.0049801,rs4851758,2_105335960_C_T,False,True
RBM6,ENSG00000004534,t2d,Muscle_Skeletal,803,chr3_49931139_T_C_b38,chr3,49931139,-0.405862,0.0222008,2.548e-60,9.65316e-50,rs10049087,3_50085984_A_G,False,False
CLEC3B,ENSG00000163815,t2d,Muscle_Skeletal,803,chr3_45026209_A_AT_b38,chr3,45026209,-0.205752,0.0299058,1.43577e-11,8.11939e-08,rs1004877,3_45025925_G_A,False,True
PDCD6,ENSG00000249915,t2d,Muscle_Skeletal,803,chr5_290083_T_C_b38,chr5,290083,-0.208615,0.0284755,7.20652e-13,1.09514e-08,rs12332382,5_244828_C_T,False,True
CWF19L1,ENSG00000095485,t2d,Muscle_Skeletal,803,chr10_100267650_C_T_b38,chr10,100267650,0.625063,0.0267229,8.77121e-88,9.79458e-77,rs10430625,10_100136849_G_A,False,False
TAGLN2,ENSG00000158710,cad,Muscle_Skeletal,803,chr1_159094456_A_G_b38,chr1,159094456,-0.145447,0.0371198,9.88358e-05,0.0684486,rs2789422,1_159922298_G_A,False,False
CCDC19,ENSG00000213085,cad,Muscle_Skeletal,803,chr1_159634638_C_A_b38,chr1,159634638,0.185757,0.0493854,0.000184575,0.104873,rs2789422,1_159922298_G_A,False,False
VSIG8,ENSG00000243284,cad,Muscle_Skeletal,803,chr1_159856126_C_T_b38,chr1,159856126,0.232533,0.0456857,4.72513e-07,0.000815699,rs2789422,1_159922298_G_A,False,False
CNNM2,ENSG00000148842,cad,Muscle_Skeletal,803,chr10_103769194_G_A_b38,chr10,103769194,-0.488079,0.137374,0.000409163,0.0998989,rs11191447,10_102892566_C_T,False,False
RIC8A,ENSG00000177963,cad,Muscle_Skeletal,803,chr11_205021_C_G_b38,chr11,205021,-0.128838,0.0237608,8.36566e-08,0.000149755,rs6598075,11_207275_C_G,False,True
N4BP2L2,ENSG00000244754,cad,Muscle_Skeletal,803,chr13_32417289_G_A_b38,chr13,32417289,-0.0772754,0.0188971,4.88249e-05,0.0366826,rs1123462,13_32571325_C_T,False,False
PLAUR,ENSG00000011422,cad,Muscle_Skeletal,803,chr19_43666441_C_T_b38,chr19,43666441,-0.263843,0.0643028,4.60601e-05,0.0418151,rs4760,19_43648948_A_G,False,True
CD101,ENSG00000134256,t2d,Pancreas,328,chr1_116986836_G_A_b38,chr1,116986836,-0.240255,0.0576126,4.1999e-05,0.0687287,rs10494191,1_117001393_A_C,False,True
C2orf49,ENSG00000135974,t2d,Pancreas,328,chr2_105386998_C_T_b38,chr2,105386998,0.644215,0.187916,0.000710402,0.311687,rs4851758,2_105335960_C_T,False,False
RBM6,ENSG00000004534,t2d,Pancreas,328,chr3_49940636_C_T_b38,chr3,49940636,-0.596019,0.0269115,6.957920000000001e-61,4.09069e-49,rs10049087,3_50085984_A_G,False,False
CLEC3B,ENSG00000163815,t2d,Pancreas,328,chr3_45628593_G_A_b38,chr3,45628593,-0.361552,0.118463,0.0025183,0.366431,rs1004877,3_45025925_G_A,False,False
PDCD6,ENSG00000249915,t2d,Pancreas,328,chr5_314030_C_CTGTGTCCTGA_b38,chr5,314030,-0.338568,0.0395149,1.10092e-15,1.01391e-10,rs12332382,5_244828_C_T,False,False
CWF19L1,ENSG00000095485,t2d,Pancreas,328,chr10_100193948_A_C_b38,chr10,100193948,0.638291,0.0432223,6.58588e-36,5.615080000000001e-29,rs10430625,10_100136849_G_A,False,False
TAGLN2,ENSG00000158710,cad,Pancreas,328,chr1_159644196_T_C_b38,chr1,159644196,-0.122893,0.0337579,0.00033076,0.241513,rs2789422,1_159922298_G_A,False,False
CCDC19,ENSG00000213085,cad,Pancreas,328,chr1_159925471_G_A_b38,chr1,159925471,-0.599356,0.149478,8.03277e-05,0.110584,rs2789422,1_159922298_G_A,False,True
VSIG8,ENSG00000243284,cad,Pancreas,328,chr1_159856126_C_T_b38,chr1,159856126,0.674809,0.0661713,1.2077599999999999e-20,1.67647e-15,rs2789422,1_159922298_G_A,False,False
CNNM2,ENSG00000148842,cad,Pancreas,328,chr10_103690498_G_C_b38,chr10,103690498,0.221504,0.0570484,0.000132251,0.0984252,rs11191447,10_102892566_C_T,False,False
RIC8A,ENSG00000177963,cad,Pancreas,328,chr11_254869_G_C_b38,chr11,254869,-0.228037,0.0374228,4.15202e-09,2.25219e-05,rs6598075,11_207275_C_G,False,True
N4BP2L2,ENSG00000244754,cad,Pancreas,328,chr13_31956971_T_C_b38,chr13,31956971,-0.164768,0.0381915,2.30752e-05,0.0439356,rs1123462,13_32571325_C_T,False,False
SLC12A3,ENSG00000070915,cad,Pancreas,328,chr16_56896638_G_A_b38,chr16,56896638,0.343988,0.0742522,5.8112e-06,0.0195847,rs56228609,16_56953853_C_T,False,False
PLAUR,ENSG00000011422,cad,Pancreas,328,chr19_44663684_C_T_b38,chr19,44663684,-0.491126,0.140566,0.00056281,0.298931,rs4760,19_43648948_A_G,False,False
CD101,ENSG00000134256,t2d,Whole_Blood,755,chr1_117001709_A_C_b38,chr1,117001709,-0.757635,0.0506012,2.7052199999999998e-43,1.35422e-36,rs10494191,1_117001393_A_C,False,True
C2orf49,ENSG00000135974,t2d,Whole_Blood,755,chr2_105379628_T_G_b38,chr2,105379628,0.094491,0.0234039,6.1053e-05,0.0568123,rs4851758,2_105335960_C_T,False,True
RBM6,ENSG00000004534,t2d,Whole_Blood,755,chr3_49934081_C_A_b38,chr3,49934081,-0.587692,0.0184926,1.03317e-130,3.30235e-109,rs10049087,3_50085984_A_G,False,False
CLEC3B,ENSG00000163815,t2d,Whole_Blood,755,chr3_45255512_T_C_b38,chr3,45255512,0.192981,0.0614521,0.0017705,0.254893,rs1004877,3_45025925_G_A,False,False
PDCD6,ENSG00000249915,t2d,Whole_Blood,755,chr5_784078_G_A_b38,chr5,784078,0.0903862,0.0284826,0.00158381,0.263249,rs12332382,5_244828_C_T,False,False
CWF19L1,ENSG00000095485,t2d,Whole_Blood,755,chr10_100193948_A_C_b38,chr10,100193948,0.22429,0.0178962,3.5961700000000003e-32,2.22869e-26,rs10430625,10_100136849_G_A,False,False
TAGLN2,ENSG00000158710,cad,Whole_Blood,755,chr1_159919896_G_A_b38,chr1,159919896,-0.113908,0.018679,1.92227e-09,7.55985e-06,rs2789422,1_159922298_G_A,False,True
CCDC19,ENSG00000213085,cad,Whole_Blood,755,chr1_159921370_TAAC_T_b38,chr1,159921370,-0.1378,0.0243168,2.25995e-08,6.92145e-05,rs2789422,1_159922298_G_A,False,True
VSIG8,ENSG00000243284,cad,Whole_Blood,755,chr1_160779413_T_C_b38,chr1,160779413,-0.135739,0.0313666,1.76656e-05,0.021348,rs2789422,1_159922298_G_A,False,False
CNNM2,ENSG00000148842,cad,Whole_Blood,755,chr10_103169618_CA_C_b38,chr10,103169618,0.387022,0.0389583,1.24031e-21,1.6994e-16,rs11191447,10_102892566_C_T,False,False
RIC8A,ENSG00000177963,cad,Whole_Blood,755,chr11_243185_A_G_b38,chr11,243185,-0.21551,0.0189845,3.44298e-27,1.1728e-21,rs6598075,11_207275_C_G,False,True
N4BP2L2,ENSG00000244754,cad,Whole_Blood,755,chr13_32418434_C_A_b38,chr13,32418434,0.252605,0.0504868,7.41004e-07,0.00133209,rs1123462,13_32571325_C_T,False,False
PLAUR,ENSG00000011422,cad,Whole_Blood,755,chr19_44344901_C_T_b38,chr19,44344901,-0.401059,0.0887849,7.54798e-06,0.0115761,rs4760,19_43648948_A_G,False,False
