"symbol","outcome","lead_snp","n_exp","n_out","r2_exposure","r2_outcome","r_exp","r_out","steiger_z","steiger_pval","correct_causal_direction","sensitivity_ratio","mr_c15","mr_single","mr_sign_flip","direction_consistent"
"CD101","t2d","rs10494191",31677,655666,0.0250923367549075,1.02607782487689e-05,0.158405608344236,0.00320324495609826,27.2115518358073,4.74131535967161e-163,TRUE,0.00040892079318847,0.132574119576048,0.132574119576048,FALSE,TRUE
"C2orf49","t2d","rs4851758",14263,655666,0.000807011410416835,9.19133551356735e-06,0.0284079462548216,0.00303172154288077,2.99878505136076,0.0027105846464211,TRUE,0.0113893501317656,0.993379810487888,0.993379810487888,FALSE,TRUE
"RBM6","t2d","rs10049087",26225,655666,0.157337112924922,1.48204256151675e-05,0.39665742514785,0.00384973058994619,66.0282146749339,0,TRUE,9.41953575965223e-05,-0.0577133415258059,-0.0577133415258059,FALSE,TRUE
"CLEC3B","t2d","rs1004877",27584,655666,0.0342645248956339,1.08626351848318e-05,0.185106793218493,0.00329585120793276,29.929791996339,8.06295320000802e-197,TRUE,0.000317022787209752,0.111929641906865,0.111929641906865,FALSE,TRUE
"PDCD6","t2d","rs12332382",21711,655666,0.0080514676402731,5.9681451581022e-06,0.0897299706913643,0.00244297874696081,12.6878721902613,6.90359233252971e-37,TRUE,0.000741249350397906,0.252503382719474,0.252503382719474,FALSE,TRUE
"CWF19L1","t2d","rs10430625",31348,655666,0.0585205793312591,9.89639234993969e-06,0.241910271239687,0.00314585319904469,42.1425842318408,0,TRUE,0.000169109610038557,-0.0796943702644714,-0.0796943702644714,FALSE,TRUE
"U6atac","t2d","rs12780155",3746,655666,0.00199543289888739,2.20533090173802e-05,0.0446702686234076,0.00469609508180788,2.44048416682026,0.0146675889035567,TRUE,0.0110518920629587,0.816398006299582,0.816398006299582,FALSE,TRUE
"TAGLN2","cad","rs2789422",31092,296525,0.0146506013827008,2.86519083222959e-05,0.121039668632646,0.00535274773572377,19.506064511202,9.75059795324675e-85,TRUE,0.00195568137947755,0.141037002437856,0.141037002437856,FALSE,TRUE
"CCDC19","cad","rs2789422",25858,296525,0.00594852543927629,2.86519083222959e-05,0.0771266843529287,0.00535274773572377,11.0920763214187,1.37068792463732e-28,TRUE,0.0048166404623768,0.222313298523997,0.222313298523997,FALSE,TRUE
"VSIG8","cad","rs2789422",26271,296525,0.00218656495509457,2.86519083222959e-05,0.0467607202157384,0.00535274773572377,6.43758737858086,1.21387446189752e-10,TRUE,0.0131036163620654,0.367374619378322,0.367374619378322,FALSE,TRUE
"CNNM2","cad","rs11191447",31298,296525,0.000231163623734179,3.83964403427861e-05,0.0152040660263687,0.0061964861286689,1.51569211557765,0.129597222227821,TRUE,0.166100702708049,1.88622481195701,1.88622481195701,FALSE,TRUE
"RIC8A","cad","rs6598075",31597,296525,0.0091320654983528,2.08055916225063e-05,0.0955618412252129,0.00456131468137271,15.4260417247428,1.09375939583011e-53,TRUE,0.0022783007443671,-0.168175197002956,0.168175197002956,TRUE,TRUE
"N4BP2L2","cad","rs1123462",20402,296525,0.0421930925044595,5.69230910796499e-05,0.205409572572603,0.00754473929832237,27.7449500557866,2.00493941659994e-169,TRUE,0.00134910924278976,-0.117451024645651,-0.117451024645651,FALSE,TRUE
"SLC12A3","cad","rs56228609",13925,296525,0.00212011316575597,5.1353573180102e-05,0.0460446866180667,0.00716614074520603,4.48704147354061,7.22190203671705e-06,TRUE,0.0242220905985416,0.524902262858856,0.524902262858856,FALSE,TRUE
"PLAUR","cad","rs4760",30333,296525,0.00108536353290157,1.88786377355499e-05,0.0329448559399123,0.00434495543539286,4.74607145414395,2.07405469438857e-06,TRUE,0.0173938382516689,0.610120453481186,-0.610120453481186,TRUE,TRUE
