gene,symbol,outcome,pp4,tier,ok,pp4_enr,set,mr_b,mr_p,is_new
ENSG00000054356,PTPRN,cad,0.944339625573639,strong,True,0.9978513000818574,known,,,
ENSG00000056586,RC3H2,t2d,0.817415181215947,strong,True,0.991905605999142,known,,,
ENSG00000064999,ANKS1A,t2d,0.8935332822457,strong,True,0.9956658019506838,known,,,
ENSG00000073614,KDM5A,t2d,0.816740225694258,strong,True,0.9918692676395402,known,,,
ENSG00000079393,DUSP13,cad,0.872879144250486,strong,True,0.9947076303522903,known,,,
ENSG00000085721,RRN3,t2d,0.923805536292926,strong,True,0.9969958043250554,known,,,
ENSG00000090612,ZNF268,cad,0.867457634253687,strong,True,0.9944488759109559,known,,,
ENSG00000100296,THOC5,cad,0.9227176976172,strong,True,0.9969494624514702,known,,,
ENSG00000104497,SNX16,cad,0.87381104158605,strong,True,0.9947517974270788,known,,,
ENSG00000105767,CADM4,cad,0.995684672419698,strong,True,0.9998416874962227,known,,,
ENSG00000107779,BMPR1A,cad,0.909761693477387,strong,True,0.9963893582439131,known,,,
ENSG00000107798,LIPA,cad,0.998932758088505,strong,True,0.9999609697174113,known,,,
ENSG00000108219,TSPAN14,cad,0.995904563349378,strong,True,0.9998497863918057,known,,,
ENSG00000108262,GIT1,t2d,0.893666795884946,strong,True,0.9956718576057668,known,,,
ENSG00000108551,RASD1,cad,0.98599491492195,strong,True,0.999481345919464,known,,,
ENSG00000109670,FBXW7,t2d,0.924611236013898,strong,True,0.9970300595716713,known,,,
ENSG00000109919,MTCH2,cad,0.902287924015749,strong,True,0.9960592372198256,known,,,
ENSG00000111642,CHD4,t2d,0.963192794374054,strong,True,0.9986058620048819,known,,,
ENSG00000111879,FAM184A,t2d,0.900030148999246,strong,True,0.9959584751942427,known,,,
ENSG00000112282,MED23,t2d,0.982610204476408,strong,True,0.9993538631190761,known,,,
ENSG00000118513,MYB,cad,0.812564047232375,strong,True,0.9916431474296067,known,,,
ENSG00000118520,ARG1,t2d,0.998466865293651,strong,True,0.9999439062692,known,,,
ENSG00000118620,ZNF430,cad,0.811586798031648,strong,True,0.9915899130382871,known,,,
ENSG00000119684,MLH3,cad,0.874624754952309,strong,True,0.9947902894252175,known,,,
ENSG00000119718,EIF2B2,cad,0.96092281304837,strong,True,0.9985165187129611,known,,,
ENSG00000122557,HERPUD2,t2d,0.93119066276845,strong,True,0.9973076597327332,known,,,
ENSG00000130475,FCHO1,cad,0.953262705133287,strong,True,0.99821200710329,known,,,
ENSG00000130856,ZNF236,t2d,0.935529413476269,strong,True,0.9974886677425839,known,,,
ENSG00000132128,LRRC41,cad,0.909483076324573,strong,True,0.9963771450163618,known,,,
ENSG00000132793,LPIN3,cad,0.95620440896145,strong,True,0.9983295034401087,known,,,
ENSG00000134802,SLC43A3,t2d,0.808063064750858,strong,True,0.9913969409473014,known,,,
ENSG00000135070,ISCA1,fbg,0.919356981115333,strong,True,0.9968056307871608,known,,,
ENSG00000136715,SAP130,cad,0.82152618661109,strong,True,0.9921257024358612,known,,,
ENSG00000138131,LOXL4,cad,0.944391116585441,strong,True,0.9978534003556729,known,,,
ENSG00000138160,KIF11,t2d,0.882591554243968,strong,True,0.9951635570940843,known,,,
ENSG00000141452,C18orf8,t2d,0.988627669745569,strong,True,0.9995799255597537,known,,,
ENSG00000142669,SH3BGRL3,t2d,0.991344131888493,strong,True,0.9996811108768715,known,,,
ENSG00000144749,LRIG1,t2d,0.922057550649883,strong,True,0.9969212890167051,known,,,
ENSG00000145214,DGKQ,cad,0.818021237058054,strong,True,0.991938186094267,known,,,
ENSG00000145375,SPATA5,t2d,0.915979967524608,strong,True,0.9966600807801419,known,,,
ENSG00000145431,PDGFC,t2d,0.943693907632831,strong,True,0.9978249430985447,known,,,
ENSG00000146830,GIGYF1,t2d,0.998349762147204,strong,True,0.9999396149222249,known,,,
ENSG00000148572,NRBF2,t2d,0.811401104931589,strong,True,0.9915797837952398,known,,,
ENSG00000149084,HSD17B12,t2d,0.800204188355584,strong,True,0.9909607160746972,known,,,
ENSG00000150627,WDR17,cad,0.880246872223885,strong,True,0.9950543746021415,known,,,
ENSG00000151465,CDC123,cad,0.917774247428539,strong,True,0.9967375427006397,known,,,
ENSG00000157045,NTAN1,t2d,0.814925986106974,strong,True,0.9917713072439243,known,,,
ENSG00000160563,MED27,t2d,0.926102331834865,strong,True,0.9970933041775253,known,,,
ENSG00000161277,THAP8,t2d,0.950912141070469,strong,True,0.9981176193521558,known,,,
ENSG00000161395,PGAP3,cad,0.890020029782919,strong,True,0.9955058283674041,known,,,
ENSG00000163257,DCAF16,t2d,0.83892141295213,strong,True,0.993034171864378,known,,,
ENSG00000163577,EIF5A2,t2d,0.824313108247966,strong,True,0.9922737159460374,known,,,
ENSG00000163933,RFT1,t2d,0.987587386106579,strong,True,0.9995410341526831,known,,,
ENSG00000164535,DAGLB,cad,0.963521272162061,strong,True,0.998618756885783,known,,,
ENSG00000165609,NUDT5,t2d,0.999653186092686,strong,True,0.9999873254171304,known,,,
ENSG00000169379,ARL13B,t2d,0.935442298629427,strong,True,0.9974850492796984,known,,,
ENSG00000170145,SIK2,cad,0.856181632187796,strong,True,0.9939006514200043,known,,,
ENSG00000180530,NRIP1,cad,0.998005335164654,strong,True,0.9999269874715946,known,,,
ENSG00000181264,TMEM136,cad,0.866319231849221,strong,True,0.9943941487868787,known,,,
ENSG00000183049,CAMK1D,t2d,0.9996531860928,strong,True,0.9999873254171346,known,,,
ENSG00000186130,ZBTB6,t2d,0.913584973669545,strong,True,0.9965562298520745,known,,,
ENSG00000187486,KCNJ11,t2d,0.896540971188041,strong,True,0.9958017993399843,known,,,
ENSG00000187942,LDLRAD2,cad,0.823262921141715,strong,True,0.9922180529520749,known,,,
ENSG00000188277,C15orf62,cad,0.809719023774493,strong,True,0.9914878269447326,known,,,
ENSG00000196072,BLOC1S2,t2d,0.973617613057999,strong,True,0.9990110189452239,known,,,
ENSG00000196378,ZNF34,t2d,0.837476902458287,strong,True,0.99296010659489,known,,,
ENSG00000196821,C6orf106,cad,0.894115644262981,strong,True,0.9956922028877042,known,,,
ENSG00000197702,PARVA,t2d,0.89410643966769,strong,True,0.9956917858610228,known,,,
ENSG00000198353,HOXC4,cad,0.934922048754275,strong,True,0.9974634263277051,known,,,
ENSG00000198492,YTHDF2,t2d,0.910657101380508,strong,True,0.9964285600138433,known,,,
ENSG00000203288,RP11-98D18.9,cad,0.883182269117576,strong,True,0.9951909766691851,known,,,
ENSG00000205238,SPDYE2,t2d,0.963073941110323,strong,True,0.9986011941593363,known,,,
ENSG00000212541,U6,cad,0.988896566819144,strong,True,0.9995899655638179,known,,,
ENSG00000213277,RP11-332O19.3,cad,0.916142214868887,strong,True,0.996667097238314,known,,,
ENSG00000213390,ARHGAP19,t2d,0.839294639172335,strong,True,0.9930532688660655,known,,,
ENSG00000214413,BBIP1,t2d,0.853468938885073,strong,True,0.9937666940812871,known,,,
ENSG00000215251,FASTKD5,cad,0.903698834280561,strong,True,0.996121959268833,known,,,
ENSG00000226920,RP5-1068B5.3,t2d,0.852114495602402,strong,True,0.9936995037642252,known,,,
ENSG00000229666,MAST4-AS1,t2d,0.97675195075488,strong,True,0.999131206059788,known,,,
ENSG00000230069,LRRC37A15P,t2d,0.980973397057212,strong,True,0.999291910056231,known,,,
ENSG00000230224,PHBP9,t2d,0.972888870400323,strong,True,0.9989829682953494,known,,,
ENSG00000230925,RP11-176F3.7,t2d,0.924871926954197,strong,True,0.997041130869428,known,,,
ENSG00000235513,RP4-756G23.5,t2d,0.936513688220717,strong,True,0.9975295063116711,known,,,
ENSG00000237429,RP1-159A19.4,cad,0.930423615803356,strong,True,0.9972754906299278,known,,,
ENSG00000242142,SERBP1P3,t2d,0.979895214083185,strong,True,0.999250992037912,known,,,
ENSG00000242288,RP11-464F9.1,t2d,0.940514018726893,strong,True,0.9976946385586063,known,,,
ENSG00000245556,CTD-2037K23.2,cad,0.811992511905522,strong,True,0.9916120286408927,known,,,
ENSG00000246889,AP000487.5,cad,0.933704061858495,strong,True,0.9974127130272793,known,,,
ENSG00000248677,CTD-2044J15.1,cad,0.861921688363935,strong,True,0.9941814423559918,known,,,
ENSG00000248971,KRT8P46,t2d,0.980973396431229,strong,True,0.9992919100324996,known,,,
ENSG00000251288,RP11-10L12.2,t2d,0.9809732435352,strong,True,0.9992919042360963,known,,,
ENSG00000251582,RP11-464F9.9,t2d,0.904653118179906,strong,True,0.9961642755307873,known,,,
ENSG00000253878,RP11-347C18.3,t2d,0.932041698504472,strong,True,0.997343291691502,known,,,
ENSG00000253981,ALG1L13P,t2d,0.816051995860348,strong,True,0.9918321554680872,known,,,
ENSG00000256269,HMBS,cad,0.886141680923424,strong,True,0.9953278177505026,known,,,
ENSG00000260233,RP11-856B14.1,t2d,0.976614268576567,strong,True,0.9991259421896679,known,,,
ENSG00000260252,RP11-384M15.3,cad,0.852429632814496,strong,True,0.9937151551289823,known,,,
ENSG00000263883,RP11-51F16.5,t2d,0.803923856428146,strong,True,0.9911681999153615,known,,,
ENSG00000264386,MIR4513,cad,0.805877031808448,strong,True,0.9912764159734657,known,,,
ENSG00000264508,Metazoa_SRP,cad,0.922589447019508,strong,True,0.9969439920651353,known,,,
ENSG00000264584,Metazoa_SRP,cad,0.92137482738309,strong,True,0.9968921112940612,known,,,
ENSG00000266173,STRADA,t2d,0.846610825514875,strong,True,0.9934243645251358,known,,,
ENSG00000267342,RP11-552F3.10,cad,0.866556006808261,strong,True,0.9944055427629713,known,,,
ENSG00000267698,AC002116.7,t2d,0.850176089156289,strong,True,0.9936029880570107,known,,,
ENSG00000268471,DKFZP434I0714,t2d,0.846089643863427,strong,True,0.9933981320604425,known,,,
ENSG00000268649,hsa-mir-296,fbg,0.94665233324918,strong,True,0.9979454167759322,known,,,
ENSG00000134256,CD101,t2d,0.94884375983226,known_locus_100kb_novel_gene,,0.9980341908083796,candidate,0.132574119576048,0.0001163658554592,True
ENSG00000135974,C2orf49,t2d,0.980172561304731,known_locus_250kb_novel_gene,,0.9992615258951056,candidate,0.993379810487888,1.90172751687517e-07,True
ENSG00000004534,RBM6,t2d,0.944783239528696,known_locus_100kb_novel_gene,,0.9978693874910051,candidate,-0.0577133415258059,1.02183794615947e-05,True
ENSG00000163815,CLEC3B,t2d,0.833833762129008,no_catalog_t2dcad,,0.9927722194649538,candidate,0.111929641906865,0.0001319529291076,True
ENSG00000249915,PDCD6,t2d,0.842272690870712,no_catalog_t2dcad,,0.9932050677455836,candidate,0.252503382719474,3.11056024514747e-05,True
ENSG00000095485,CWF19L1,t2d,0.960013578606752,known_locus_100kb_novel_gene,,0.9984806185085412,candidate,-0.0796943702644714,0.0003150936635397,True
ENSG00000252118,U6atac,t2d,0.957066021312353,known_locus_100kb_novel_gene,,0.998363786062196,candidate,0.816398006299582,1.70637513329084e-11,True
ENSG00000158710,TAGLN2,cad,0.946476746550235,no_catalog_t2dcad,,0.9979382867081459,candidate,0.141037002437856,2.62947160278819e-05,True
ENSG00000213085,CCDC19,cad,0.946245942458657,no_catalog_t2dcad,,0.997928910551721,candidate,0.222313298523997,2.6294716027882e-05,True
ENSG00000243284,VSIG8,cad,0.916242256890915,no_catalog_t2dcad,,0.9966714224105359,candidate,0.367374619378322,2.62947160278819e-05,True
ENSG00000148842,CNNM2,cad,0.936554980592514,known_locus_100kb_novel_gene,,0.997531217771454,candidate,1.88622481195701,9.85010679950938e-15,True
ENSG00000177963,RIC8A,cad,0.889472442278656,known_locus_100kb_novel_gene,,0.9954807851588681,candidate,-0.168175197002956,4.87503845110966e-05,True
ENSG00000244754,N4BP2L2,cad,0.923656725402997,known_locus_100kb_novel_gene,,0.9969894711792182,candidate,-0.117451024645651,1.17709270278885e-09,True
ENSG00000070915,SLC12A3,cad,0.993721390369186,known_locus_100kb_novel_gene,,0.9997692240023639,candidate,0.524902262858856,1.9731752900754102e-09,True
ENSG00000011422,PLAUR,cad,0.99567426748846,no_catalog_t2dcad,,0.9998413041824239,candidate,0.610120453481186,2.00478689359048e-06,True
