gene,symbol,outcome,mr_b,mr_p,padj,gwas_min_p,eqtl_F_max,nsnp,pp4,set,status
ENSG00000246889,AP000487.5,cad,-0.379414119776061,2.72569946963114e-06,0.0003332849026491,8.319e-07,7.6992,6028.0,0.93370368573713,fdr_core_strong,strong (FDR-core)
ENSG00000107779,BMPR1A,cad,-0.22037680189226,4.38482803817187e-05,0.0030784010432581,3.928e-05,11.5292,4912.0,0.909761693477387,fdr_core_strong,strong (FDR-core)
ENSG00000188277,C15orf62,cad,0.924168343539224,7.68832631050687e-06,0.0007674204894834,4.326e-07,6.5289,4477.0,0.809719023774493,fdr_core_strong,strong (FDR-core)
ENSG00000196821,C6orf106,cad,0.242204302524552,3.58742698043695e-09,1.2241468856732876e-06,2.151e-11,41.0453,6180.0,0.894115644262981,fdr_core_strong,strong (FDR-core)
ENSG00000105767,CADM4,cad,0.619919836634753,2.00478689359048e-06,0.0002603206910588,1.808e-06,11.3502,5812.0,0.995682040058074,fdr_core_strong,strong (FDR-core)
ENSG00000213085,CCDC19,cad,0.222313298523997,2.6294716027882e-05,0.0020306440435637,2.348e-05,17.9384,5507.0,0.946245942458657,fdr_core_strong,strong (FDR-core)
ENSG00000151465,CDC123,cad,0.12859434266703,1.61268621258755e-08,4.382026814314282e-06,6.377e-10,29.9047,6977.0,0.917774247428539,fdr_core_strong,strong (FDR-core)
ENSG00000148842,CNNM2,cad,1.88622481195701,9.85010679950938e-15,2.8906123413840223e-11,4.67e-15,6.1715,4329.0,0.936554980592514,fdr_core_strong,strong (FDR-core)
ENSG00000245556,CTD-2037K23.2,cad,0.0900678458235267,6.33424836662398e-05,0.0040943800124878,9.026e-06,20.7516,5439.0,0.811992511905522,fdr_core_strong,strong (FDR-core)
ENSG00000248677,CTD-2044J15.1,cad,0.245261592940675,0.0009908800950798,0.0316757813401,1.26e-06,7.4146,7029.0,0.861921688363935,fdr_core_strong,strong (FDR-core)
ENSG00000164535,DAGLB,cad,-0.0956196689856533,1.58665630395119e-06,0.0002260292033774,2.104e-08,71.7034,7086.0,0.963521272162061,fdr_core_strong,strong (FDR-core)
ENSG00000145214,DGKQ,cad,-0.0512228404523847,0.0001923834188924,0.0095045182000275,8.678e-05,103.9015,5539.0,0.817999932892181,fdr_core_strong,strong (FDR-core)
ENSG00000079393,DUSP13,cad,0.73574005478701,2.01557987930418e-05,0.0016803752027858,1.866e-05,5.8325,3556.0,0.872879144250486,fdr_core_strong,strong (FDR-core)
ENSG00000119718,EIF2B2,cad,0.0757145472859295,1.50744224424936e-08,4.173339632051106e-06,3.601e-10,81.6263,4807.0,0.96092281304837,fdr_core_strong,strong (FDR-core)
ENSG00000215251,FASTKD5,cad,0.182714243586629,6.82067146936005e-05,0.0043702931209572,2.117e-05,20.221,6204.0,0.903698834280561,fdr_core_strong,strong (FDR-core)
ENSG00000130475,FCHO1,cad,-0.20005021329478,4.99805113605979e-13,7.232163166006713e-10,1.438e-13,30.6191,6048.0,0.953262705133287,fdr_core_strong,strong (FDR-core)
ENSG00000256269,HMBS,cad,0.111875813418936,1.14800597247256e-06,0.0001811257164955,2.875e-07,45.6633,4898.0,0.88614085752495,fdr_core_strong,strong (FDR-core)
ENSG00000198353,HOXC4,cad,-0.441811174830815,5.05033327997372e-11,3.2218930529154085e-08,9.28e-13,16.7208,4709.0,0.934922048754275,fdr_core_strong,strong (FDR-core)
ENSG00000187942,LDLRAD2,cad,1.46947683431988,7.45849536905671e-05,0.0046969314399214,2.942e-05,4.9155,5929.0,0.823262921141715,fdr_core_strong,strong (FDR-core)
ENSG00000107798,LIPA,cad,0.071002362638286,5.37019236017436e-08,1.2507433730291809e-05,2.4340000000000002e-21,136.7235,6418.0,0.998932758088505,fdr_core_strong,strong (FDR-core)
ENSG00000138131,LOXL4,cad,-0.653060411883109,4.84410412635905e-06,0.0005425766400463,1.675e-06,6.8836,4906.0,0.944391116585441,fdr_core_strong,strong (FDR-core)
ENSG00000132793,LPIN3,cad,0.89672651546477,3.70868010561491e-07,6.888286479707288e-05,1.115e-08,5.883,5371.0,0.95620440896145,fdr_core_strong,strong (FDR-core)
ENSG00000132128,LRRC41,cad,-1.44332837754754,0.0004411620505226,0.0175901379546687,1.755e-05,8.0737,4113.0,0.909483076324573,fdr_core_strong,strong (FDR-core)
ENSG00000264386,MIR4513,cad,0.278187455723926,7.68832631050691e-06,0.0007674204894834,7.557e-07,5.6736,3597.0,0.805495613841699,fdr_core_strong,strong (FDR-core)
ENSG00000119684,MLH3,cad,0.0980198765577763,1.50744224424934e-08,4.173339632051106e-06,3.601e-10,65.6163,4766.0,0.874624754952309,fdr_core_strong,strong (FDR-core)
ENSG00000109919,MTCH2,cad,-0.792206620498124,8.32337002311436e-06,0.000803479002297,1.897e-06,12.125,3637.0,0.902287924015749,fdr_core_strong,strong (FDR-core)
ENSG00000118513,MYB,cad,0.714536481921476,0.0004520115222113,0.0178289383478666,1.983e-05,5.669,4709.0,0.812564047232375,fdr_core_strong,strong (FDR-core)
ENSG00000264508,Metazoa_SRP,cad,-0.269965922271166,2.74225890225609e-07,5.437454712541028e-05,1.856e-08,7.9821,3013.0,0.922588662476899,fdr_core_strong,strong (FDR-core)
ENSG00000264584,Metazoa_SRP,cad,-0.342684141578196,2.49741946478708e-07,5.019813124222031e-05,1.856e-08,6.0501,3019.0,0.921372794106571,fdr_core_strong,strong (FDR-core)
ENSG00000244754,N4BP2L2,cad,-0.117451024645651,1.17709270278885e-09,4.667967899465081e-07,1.189e-10,44.3887,5256.0,0.923656725402997,fdr_core_strong,strong (FDR-core)
ENSG00000180530,NRIP1,cad,-0.288054348235765,6.93460843452151e-08,1.5654078393805248e-05,8.818e-08,18.6594,5986.0,0.998005335164654,fdr_core_strong,strong (FDR-core)
ENSG00000161395,PGAP3,cad,0.104462734025669,4.13150138250935e-05,0.0029285758350511,5.366e-06,43.2185,4082.0,0.890020029782919,fdr_core_strong,strong (FDR-core)
ENSG00000011422,PLAUR,cad,0.610120453481186,2.00478689359048e-06,0.0002603206910588,1.808e-06,11.5325,5819.0,0.99567426748846,fdr_core_strong,strong (FDR-core)
ENSG00000054356,PTPRN,cad,-0.160329685060732,3.34443651251557e-05,0.0024414386541363,3.778e-05,33.9061,4592.0,0.944339625573639,fdr_core_strong,strong (FDR-core)
ENSG00000108551,RASD1,cad,-0.327205882352941,2.7917651565573902e-09,9.99111466882112e-07,9.507e-10,17.136,4152.0,0.98599491492195,fdr_core_strong,strong (FDR-core)
ENSG00000177963,RIC8A,cad,-0.168175197002956,4.87503845110966e-05,0.0033403593926131,8.347e-06,27.9039,3064.0,0.889472442278656,fdr_core_strong,strong (FDR-core)
ENSG00000237429,RP1-159A19.4,cad,-0.599442180934275,9.42739345922682e-06,0.000881070982339,1.852e-06,5.6823,3362.0,0.922899740999808,fdr_core_strong,strong (FDR-core)
ENSG00000213277,RP11-332O19.3,cad,-0.704412281638241,3.46767698679861e-14,8.480204071216001e-11,4.67e-15,12.2559,4382.0,0.916142214868887,fdr_core_strong,strong (FDR-core)
ENSG00000260252,RP11-384M15.3,cad,0.321409672478785,2.58901582359301e-05,0.0020306440435637,2.92e-11,4.6988,4216.0,0.852429632814496,fdr_core_strong,strong (FDR-core)
ENSG00000267342,RP11-552F3.10,cad,0.123627468448683,2.22783345251322e-05,0.0018262011312137,3.002e-06,13.0836,5171.0,0.866553118253087,fdr_core_strong,strong (FDR-core)
ENSG00000203288,RP11-98D18.9,cad,0.263067649909633,5.030688112385371e-09,1.640339703845123e-06,2.85e-11,12.3534,3765.0,0.883182269117576,fdr_core_strong,strong (FDR-core)
ENSG00000136715,SAP130,cad,-0.389200210465857,0.0001199864408978,0.006823880028269,8.784e-06,20.0236,6002.0,0.82152618661109,fdr_core_strong,strong (FDR-core)
ENSG00000170145,SIK2,cad,0.19229635144664,4.63543743832003e-06,0.0005313732307224,7.75e-07,26.1288,4953.0,0.856181632187796,fdr_core_strong,strong (FDR-core)
ENSG00000070915,SLC12A3,cad,0.524902262858856,1.9731752900754102e-09,7.423692572122178e-07,1.194e-09,8.363,6424.0,0.993721390369186,fdr_core_strong,strong (FDR-core)
ENSG00000104497,SNX16,cad,0.044744154613088,9.08574933437649e-05,0.0054637377042338,3.404e-05,92.5098,5603.0,0.87381104158605,fdr_core_strong,strong (FDR-core)
ENSG00000158710,TAGLN2,cad,0.141037002437856,2.62947160278819e-05,0.0020306440435637,2.348e-05,31.0058,5466.0,0.946476746550235,fdr_core_strong,strong (FDR-core)
ENSG00000100296,THOC5,cad,-0.244453058420176,1.92450906291879e-06,0.0002590671695431,2.001e-07,23.1069,4877.0,0.9227176976172,fdr_core_strong,strong (FDR-core)
ENSG00000181264,TMEM136,cad,0.729149092009567,3.01389645416632e-05,0.0022678411626657,1.142e-06,5.7312,5481.0,0.866319231849221,fdr_core_strong,strong (FDR-core)
ENSG00000108219,TSPAN14,cad,-0.287677674221678,1.9505512847727e-11,1.4310219500734914e-08,1.724e-11,25.2573,6704.0,0.995904563349378,fdr_core_strong,strong (FDR-core)
ENSG00000212541,U6,cad,-0.0920161824594986,9.55529449970871e-10,3.894578783172942e-07,4.129e-10,27.215,5155.0,0.988896566819144,fdr_core_strong,strong (FDR-core)
ENSG00000243284,VSIG8,cad,0.367374619378322,2.62947160278819e-05,0.0020306440435637,2.348e-05,10.9416,5560.0,0.916242256890915,fdr_core_strong,strong (FDR-core)
ENSG00000150627,WDR17,cad,-0.359592347507123,8.32720336499478e-05,0.0050910439572736,1.469e-05,9.3205,5972.0,0.880246872223885,fdr_core_strong,strong (FDR-core)
ENSG00000157429,ZNF19,cad,0.2142257864325,0.328434151229541,,2.92e-11,7.1323,3900.0,0.903031175316183,gray_zone,strong (MR-null)
ENSG00000090612,ZNF268,cad,0.230801330583725,4.8945496450067e-05,0.0033403593926131,1.958e-05,18.223,2320.0,0.867457634253687,fdr_core_strong,strong (FDR-core)
ENSG00000118620,ZNF430,cad,-0.173259014208594,7.90149177756325e-05,0.0048919235802609,3.973e-05,22.8965,6834.0,0.811586798031648,fdr_core_strong,strong (FDR-core)
ENSG00000135070,ISCA1,fbg,-0.0359515457962085,4.85499477133777e-05,0.035107006635407,2.685e-05,39.6902,1974.0,0.919375066411748,fdr_core_strong,strong (FDR-core)
ENSG00000268649,hsa-mir-296,fbg,0.396699943683144,6.33424836662398e-05,0.0412232883699888,4.731e-05,7.351,2348.0,0.94668300350377,fdr_core_strong,strong (FDR-core)
ENSG00000267698,AC002116.7,t2d,0.280787012342713,4.33970248944834e-05,0.0031814077962214,1.012e-05,7.6694,2720.0,0.850176089156289,fdr_core_strong,strong (FDR-core)
ENSG00000253981,ALG1L13P,t2d,0.144493296309118,1.46868476737894e-05,0.001467244880352,4.939e-08,18.6842,3390.0,0.816051995860348,fdr_core_strong,strong (FDR-core)
ENSG00000064999,ANKS1A,t2d,-0.540550528326217,3.81991970655781e-05,0.0028621310154282,1.01e-06,17.2218,3168.0,0.8935332822457,fdr_core_strong,strong (FDR-core)
ENSG00000157823,AP3S2,t2d,0.0268996327171521,0.383022690152617,,5.513e-11,55.5977,3268.0,0.93516468640131,gray_zone,strong (MR-null)
ENSG00000118520,ARG1,t2d,-0.143760804503598,1.06739783516975e-06,0.0001843522701759,2.427e-08,67.6381,4018.0,0.998466861748427,fdr_core_strong,strong (FDR-core)
ENSG00000213390,ARHGAP19,t2d,-0.118753719368504,0.0001072555677459,0.0062490698565984,1.105e-06,48.4204,3078.0,0.839294639172335,fdr_core_strong,strong (FDR-core)
ENSG00000169379,ARL13B,t2d,1.04386442634154,5.37273754655698e-07,0.0001079853786694,9.517e-08,6.8249,1539.0,0.935442298629427,fdr_core_strong,strong (FDR-core)
ENSG00000214413,BBIP1,t2d,0.23901575845091,6.05548178703319e-05,0.0041976434972699,4.911e-06,12.6391,3967.0,0.853468938885073,fdr_core_strong,strong (FDR-core)
ENSG00000196072,BLOC1S2,t2d,-0.656705814190135,5.36478227963317e-09,2.484869610430091e-06,1.232e-09,12.4727,3239.0,0.973617613057999,fdr_core_strong,strong (FDR-core)
ENSG00000141452,C18orf8,t2d,-0.174714511688267,7.04931796352848e-07,0.0001330232408302,8e-07,34.1441,3036.0,0.988627669745569,fdr_core_strong,strong (FDR-core)
ENSG00000135974,C2orf49,t2d,0.993379810487888,1.90172751687517e-07,5.09963247288368e-05,1.219e-07,7.2014,4423.0,0.980172561304731,fdr_core_strong,strong (FDR-core)
ENSG00000183049,CAMK1D,t2d,0.179714385993701,6.57408081238469e-08,2.2242532768266903e-05,1.966e-17,70.4495,4180.0,0.9996531860928,fdr_core_strong,strong (FDR-core)
ENSG00000134256,CD101,t2d,0.132574119576048,0.0001163658554592,0.0065152091600508,2.471e-08,58.4668,2916.0,0.94884375983226,fdr_core_strong,strong (FDR-core)
ENSG00000111642,CHD4,t2d,-0.623696522042661,5.54968624320915e-06,0.0007198943185691,1.523e-06,13.5673,2524.0,0.963192794374054,fdr_core_strong,strong (FDR-core)
ENSG00000163815,CLEC3B,t2d,0.111929641906865,0.0001319529291076,0.0071521295085449,5.068e-05,47.3822,3578.0,0.833833762129008,fdr_core_strong,strong (FDR-core)
ENSG00000095485,CWF19L1,t2d,-0.0796943702644714,0.0003150936635397,0.0138396742735756,1.232e-09,86.5516,3228.0,0.960013578606752,fdr_core_strong,strong (FDR-core)
ENSG00000163257,DCAF16,t2d,-0.317303900174054,0.0001170265770407,0.0065163979237417,7.034e-06,19.0171,4036.0,0.83892141295213,fdr_core_strong,strong (FDR-core)
ENSG00000268471,DKFZP434I0714,t2d,-0.445431366989514,4.7914079722855e-07,0.0001061401026904,2.317e-10,7.8782,3360.0,0.846089322792501,fdr_core_strong,strong (FDR-core)
ENSG00000163577,EIF5A2,t2d,0.529277206925724,0.0012472518509482,0.0365215412677073,2.25e-08,8.5467,3569.0,0.824313108247966,fdr_core_strong,strong (FDR-core)
ENSG00000111879,FAM184A,t2d,0.643006225173843,0.0001331744820441,0.0071801480001554,3.576e-05,8.234,4366.0,0.900001903620784,fdr_core_strong,strong (FDR-core)
ENSG00000109670,FBXW7,t2d,-0.770102372650013,9.43880609044675e-08,2.748040973190068e-05,2.317e-10,10.5898,3384.0,0.924611234196519,fdr_core_strong,strong (FDR-core)
ENSG00000146830,GIGYF1,t2d,-0.409074571669657,2.6352263939231e-07,6.549501696116192e-05,2.337e-07,25.7592,2705.0,0.998350307342822,fdr_core_strong,strong (FDR-core)
ENSG00000108262,GIT1,t2d,0.105373674968557,0.0005580594806816,0.0208301322642692,3.31e-05,47.8503,1917.0,0.893666795884946,fdr_core_strong,strong (FDR-core)
ENSG00000122557,HERPUD2,t2d,-0.202859892195129,3.26933027351139e-05,0.0025430897318382,3.499e-05,28.3585,4114.0,0.93119066276845,fdr_core_strong,strong (FDR-core)
ENSG00000149084,HSD17B12,t2d,-0.10880817903888,9.57033597806677e-05,0.0059002453211185,5.134e-07,84.298,4647.0,0.800204188355584,fdr_core_strong,strong (FDR-core)
ENSG00000187486,KCNJ11,t2d,0.595181300858269,3.9776513897556e-16,8.106453532321914e-13,2.0890000000000003e-20,12.9023,3474.0,0.896540971188041,fdr_core_strong,strong (FDR-core)
ENSG00000073614,KDM5A,t2d,-0.143784561181357,0.0007002692988775,0.0247768894290337,1.124e-05,42.3652,1998.0,0.816740225694258,fdr_core_strong,strong (FDR-core)
ENSG00000138160,KIF11,t2d,-1.83211659421256,2.28581698277329e-34,1.3581754280499712e-30,9.337e-40,9.3753,3664.0,0.882591554243968,fdr_core_strong,strong (FDR-core)
ENSG00000248971,KRT8P46,t2d,0.107924101998527,3.6079151362383804e-09,1.8382327619134547e-06,6.182e-10,32.8526,3352.0,0.980973396431229,fdr_core_strong,strong (FDR-core)
ENSG00000144749,LRIG1,t2d,-0.177889553805024,1.90399083840792e-05,0.0017019005827523,1.654e-06,37.0252,4070.0,0.922057550649883,fdr_core_strong,strong (FDR-core)
ENSG00000230069,LRRC37A15P,t2d,0.092904706653621,3.60791513623836e-09,1.8382327619134547e-06,6.182e-10,38.1637,3349.0,0.980973397057211,fdr_core_strong,strong (FDR-core)
ENSG00000229666,MAST4-AS1,t2d,-0.150027981673134,2.65042752056378e-06,0.0003858265204934,3.92e-07,17.7703,3673.0,0.97675195075488,fdr_core_strong,strong (FDR-core)
ENSG00000112282,MED23,t2d,-0.32684334125419,5.19282777130817e-07,0.0001079853786694,2.427e-08,28.7006,4067.0,0.982610203294629,fdr_core_strong,strong (FDR-core)
ENSG00000160563,MED27,t2d,0.484028084041588,1.55022237131617e-05,0.0015107112812911,1.354e-05,12.0978,2653.0,0.926102331834865,fdr_core_strong,strong (FDR-core)
ENSG00000148572,NRBF2,t2d,-0.174209704867932,8.97817529863382e-05,0.0056127365823974,2.559e-05,22.5527,4115.0,0.811401104931589,fdr_core_strong,strong (FDR-core)
ENSG00000157045,NTAN1,t2d,0.14384483516548,0.0011540500847815,0.0348954610205444,3.025e-05,21.5851,1899.0,0.814925986106974,fdr_core_strong,strong (FDR-core)
ENSG00000165609,NUDT5,t2d,0.296802926977931,2.42743612185533e-17,6.183893520426455e-14,1.966e-17,23.8018,4090.0,0.999653186092686,fdr_core_strong,strong (FDR-core)
ENSG00000197702,PARVA,t2d,-0.484866014701552,0.0001124308158092,0.0064347928077022,0.000109,14.6515,4651.0,0.89410643966769,fdr_core_strong,strong (FDR-core)
ENSG00000249915,PDCD6,t2d,0.252503382719474,3.11056024514747e-05,0.0024571014649653,1.64e-05,27.9517,1282.0,0.842272690870712,fdr_core_strong,strong (FDR-core)
ENSG00000145431,PDGFC,t2d,0.308679551179897,6.07363888051614e-06,0.0007567387982662,5.267e-07,21.7795,4701.0,0.943693907632831,fdr_core_strong,strong (FDR-core)
ENSG00000230224,PHBP9,t2d,-0.278263554001938,6.24256242925448e-09,2.765726571917528e-06,1.232e-09,11.6545,3227.0,0.972888870400323,fdr_core_strong,strong (FDR-core)
ENSG00000004534,RBM6,t2d,-0.0577133415258059,1.02183794615947e-05,0.0011442339199302,9.597e-07,101.8767,1689.0,0.944783239528696,fdr_core_strong,strong (FDR-core)
ENSG00000056586,RC3H2,t2d,0.59959902527361,4.76903814203762e-05,0.0034465601891747,6.202e-07,14.4607,3188.0,0.817415181215947,fdr_core_strong,strong (FDR-core)
ENSG00000163933,RFT1,t2d,-0.180448542624537,1.23883375996508e-07,3.5065877816789354e-05,6.238e-08,34.6411,2714.0,0.987587381299832,fdr_core_strong,strong (FDR-core)
ENSG00000251288,RP11-10L12.2,t2d,0.163881129999089,3.6079151362383804e-09,1.8382327619134547e-06,6.182e-10,18.8328,3340.0,0.9809732435352,fdr_core_strong,strong (FDR-core)
ENSG00000230925,RP11-176F3.7,t2d,0.182085792548116,9.42633105881114e-09,3.842172539571421e-06,1.36e-09,15.8064,2995.0,0.924871918119311,fdr_core_strong,strong (FDR-core)
ENSG00000253878,RP11-347C18.3,t2d,0.532854018314692,8.58263577972377e-08,2.650213896829855e-05,4.545e-09,5.2291,4936.0,0.932041055765165,fdr_core_strong,strong (FDR-core)
ENSG00000242288,RP11-464F9.1,t2d,0.354744169660228,7.91304065576988e-07,0.0001390239384177,2.375e-08,9.3863,2033.0,0.940514018726893,fdr_core_strong,strong (FDR-core)
ENSG00000251582,RP11-464F9.9,t2d,0.358597129337517,2.97537746375533e-07,7.050952640852747e-05,2.375e-08,7.4572,1999.0,0.904653118179906,fdr_core_strong,strong (FDR-core)
ENSG00000263883,RP11-51F16.5,t2d,-0.6927050112448,1.62306371671158e-06,0.0002594706741661,3.949e-08,7.6859,2129.0,0.803923158211812,fdr_core_strong,strong (FDR-core)
ENSG00000260233,RP11-856B14.1,t2d,0.284554169663926,5.40456752908954e-07,0.0001079853786694,1.634e-07,11.4873,2074.0,0.976614259480069,fdr_core_strong,strong (FDR-core)
ENSG00000235513,RP4-756G23.5,t2d,0.216389271071411,5.54040402420701e-06,0.0007198943185691,9.51e-07,11.8448,2380.0,0.936516722994261,fdr_core_strong,strong (FDR-core)
ENSG00000226920,RP5-1068B5.3,t2d,-0.939883123466774,1.62964898396809e-06,0.0002594706741661,1.864e-09,7.218,3028.0,0.852114495602402,fdr_core_strong,strong (FDR-core)
ENSG00000085721,RRN3,t2d,0.216115413915693,2.76773320376328e-05,0.00229294319889,3.025e-05,25.2032,1929.0,0.923805536292926,fdr_core_strong,strong (FDR-core)
ENSG00000242142,SERBP1P3,t2d,0.0624938910965816,5.36831988530008e-07,0.0001079853786694,6.238e-08,41.8187,2656.0,0.979895229794206,fdr_core_strong,strong (FDR-core)
ENSG00000142669,SH3BGRL3,t2d,-0.466378953637279,3.3965348142952e-07,7.866065854015475e-05,1.251e-07,15.5404,2083.0,0.991344131888493,fdr_core_strong,strong (FDR-core)
ENSG00000134802,SLC43A3,t2d,-1.2848300475914,2.11273003586211e-05,0.0018091360559188,1.881e-07,11.1153,4506.0,0.808063064750859,fdr_core_strong,strong (FDR-core)
ENSG00000145375,SPATA5,t2d,-1.31552092693078,2.03276427768894e-05,0.0017704160674914,2.027e-08,6.3784,3848.0,0.915979967524608,fdr_core_strong,strong (FDR-core)
ENSG00000205238,SPDYE2,t2d,0.186481598719547,1.32197538221379e-05,0.0013887555819338,5.986e-07,16.0999,2514.0,0.963069543303599,fdr_core_strong,strong (FDR-core)
ENSG00000266173,STRADA,t2d,-0.550391270548991,7.68577425107161e-07,0.0001374000695059,3.949e-08,12.8404,2073.0,0.846610519783832,fdr_core_strong,strong (FDR-core)
ENSG00000161277,THAP8,t2d,-0.326976906927922,1.69871951840933e-05,0.0015822115772619,1.012e-05,19.4344,2743.0,0.950912141070468,fdr_core_strong,strong (FDR-core)
ENSG00000252118,U6atac,t2d,0.816398006299582,1.70637513329084e-11,1.4489968840194717e-08,1.966e-17,4.843,4152.0,0.957066021312353,fdr_core_strong,strong (FDR-core)
ENSG00000198492,YTHDF2,t2d,-0.226647752028734,1.40892452880734e-05,0.0014422604863978,7.602e-06,14.9962,2237.0,0.910657101380508,fdr_core_strong,strong (FDR-core)
ENSG00000186130,ZBTB6,t2d,0.741903636461249,1.81247648978056e-05,0.0016344367637932,6.202e-07,13.11,3211.0,0.913584973669545,fdr_core_strong,strong (FDR-core)
ENSG00000130856,ZNF236,t2d,-0.333261801246451,1.41536848517948e-05,0.0014422604863978,2.137e-06,18.9152,5114.0,0.935529413476269,fdr_core_strong,strong (FDR-core)
ENSG00000196378,ZNF34,t2d,0.224923137663057,1.94079210840636e-06,0.0002951742027561,1.618e-08,29.5609,239.0,0.837476902458287,fdr_core_strong,strong (FDR-core)
